[{"id":"qnirzz","name":"section","parent":0,"children":["tltlzj"],"settings":{"_padding":{"top":"80","right":"40","bottom":"80","left":"40"},"_padding:tablet_portrait":{"top":"50","bottom":"50","left":"30","right":"30"},"_padding:mobile_landscape":{"top":"40","right":"24","bottom":"40","left":"24"}}},{"id":"guvtdd","name":"bricks-cf-upsell-layout","parent":"tltlzj","children":["imwyea"],"settings":[],"themeStyles":[]},{"id":"imwyea","name":"section","parent":"guvtdd","children":["sgkkzd","yolcii"],"settings":{"_padding":{"top":"20","bottom":"20","right":"20","left":"20"},"_margin":{"top":"0"},"_padding:tablet_portrait":{"top":"20","right":"20","left":"20","bottom":"20"},"_padding:mobile_portrait":{"left":"20","right":"20","top":"20","bottom":"20"}}},{"id":"sgkkzd","name":"container","parent":"imwyea","children":["hpeczk","eakldy","uqeogj"],"settings":[]},{"id":"hpeczk","name":"heading","parent":"sgkkzd","children":[],"settings":{"text":"WAIT! ","_typography":{"text-align":"center","font-weight":"700","font-size":"34"},"_margin":{"bottom":"10"},"_typography:mobile_portrait":{"line-height":"1.3","font-size":"28"},"_alignSelf":"center","tag":"h2","_margin:mobile_portrait":{"bottom":"15"}}},{"id":"uqeogj","name":"progress-bar","parent":"sgkkzd","children":[],"settings":{"bars":[{"percentage":80,"id":"uzvgzt","color":{"hex":"#ff6700"}}],"height":"10","barBackgroundColor":{"hex":"#ffe2cc"},"_alignSelf":"center","_border":{"radius":{"top":"5","right":"5","bottom":"5","left":"5"}},"_width":"70%","_width:mobile_portrait":"100%"},"themeStyles":[]},{"id":"yolcii","name":"container","parent":"imwyea","children":["cikfak","gvcxmy"],"settings":{"_direction":"row","_columnGap":"40px","_rowGap":"30px","_margin":{"top":"30px"},"_border":{"0":{"top":"1","right":"1","bottom":"1","left":"1"},"style":"solid","color":{"hex":"#dddddd"},"radius":{"top":"8","right":"8","left":"8","bottom":"8"}},"_padding":{"top":"30px","bottom":"30px","left":"30px","right":"30px"},"_alignItems":"center","_padding:mobile_portrait":{"left":20,"right":20,"top":"20","bottom":20},"_padding:mobile_landscape":{"top":"20","left":20,"right":20,"bottom":20},"_padding:tablet_portrait":{"left":20,"right":20,"top":0,"bottom":20},"_background":{"color":{"hex":"#ffffff"}}}},{"id":"cikfak","name":"block","parent":"yolcii","children":["wfdcxc"],"settings":{"_width":"50%","_width:mobile_portrait":"100%","_width:mobile_landscape":"100%"},"label":"Column"},{"id":"wfdcxc","name":"block","parent":"cikfak","children":["udolsw"],"settings":{"_margin:mobile_portrait":{"top":0}}},{"id":"udolsw","name":"bricks-cf-product-image","parent":"wfdcxc","children":[],"settings":{"_margin":{"top":"0"},"_border":{"radius":{"top":"8","right":"8","left":"8","bottom":"8"},"color":{"hex":"#9e9e9e","id":"3d0b55","name":"Color #3"}},"_width:mobile_landscape":"100%"}},{"id":"gvcxmy","name":"block","parent":"yolcii","children":["tyhufo"],"settings":{"_width":"50%","_width:mobile_portrait":"100%","_width:mobile_landscape":"100%","_direction":"column","_rowGap":"0.75em"},"label":"Column"},{"id":"tyhufo","name":"block","parent":"gvcxmy","children":["vzdanh","ppcuag","fjsdnm","poqrza","nbkowt","btgntq","zjnlzt"],"settings":{"_alignSelf":"flex-start"}},{"id":"vzdanh","name":"bricks-cf-product-title","parent":"tyhufo","children":[],"settings":{"_typography":{"font-size":"28px","color":{"hex":"#030303"},"font-weight":600,"text-align":"left"},"_width":"100%","_margin":{"bottom":"10"}}},{"id":"ppcuag","name":"bricks-cf-product-description","parent":"tyhufo","children":[],"settings":{"_typography":{"font-size":"16px","color":{"hex":"#030303"},"font-weight":400,"text-align":"left"},"short_description":true,"_width":"100%","offer_product_description_styling:tablet_portrait":{"font-size":"14"}},"label":"Product Description"},{"id":"fjsdnm","name":"text","parent":"tyhufo","children":[],"settings":{"text":"<div><strong>Price<\/strong>: <\/div>","_typography":{"text-transform":"capitalize","font-weight":"500"},"_display":"inline-block","_alignSelf":"flex-start","_width":"44%","_margin":{"top":"23"}}},{"id":"poqrza","name":"bricks-cf-product-price","parent":"tyhufo","children":[],"settings":{"_typography":{"text-align":"left","text-transform":"capitalize","font-weight":"500"},"_alignSelf":"flex-start","_position":"static"},"label":"Product Price"},{"id":"nbkowt","name":"bricks-cf-product-quantity","parent":"tyhufo","children":[],"settings":{"_typography":{"font-family":"Inter","font-weight":600,"text-align":"left"},"_width":"100%","_alignSelf":"center","_margin":{"bottom":"25"},"alignment":"flex-start","quantity_width":"25","quantity_width:mobile_landscape":"15","quantity_width:mobile_portrait":"20"},"label":"Product Quantity"},{"id":"btgntq","name":"button","parent":"tyhufo","children":[],"settings":{"text":"Add to my order","link":{"type":"meta","useDynamicData":"{wcf_accept_offer}"},"_alignSelf":"flex-start","_background":{"color":{"hex":"#ff6700"}},"padding":{"top":"15px","bottom":"15px","left":"15px","right":"15px"},"_typography":{"color":{"hex":"#ffffff"},"font-size":"14px","font-weight":600,"text-align":"center","font-style":"normal","text-transform":"uppercase"},"_position":"static","_display":"inline","circle":true,"size":"md","_border":{"width":{"top":"1","left":"1","right":"1","bottom":"1"},"style":"solid","color":{"hex":"#ffdd56"},"radius":{"top":"24","right":"24","bottom":"24","left":"24"}},"_padding":{"top":"12","left":"24","right":"24","bottom":"12"},"_width":"100%"}},{"id":"zjnlzt","name":"text-link","parent":"tyhufo","children":[],"settings":{"text":"No Thanks, I'll Pass","link":{"type":"meta","useDynamicData":"{wcf_reject_offer}"},"_alignSelf":"flex-start","_width":"100%","align-items":"center","_display":"inline-block","padding":{"top":"15px","bottom":"15px","left":"15px","right":"15px"},"_typography":{"font-size":"12x","font-weight":400,"text-align":"center","color":{"hex":"#616161","id":"9f7192","name":"Color #4"}},"_margin":{"top":"15","left":"0"}}},{"id":"tltlzj","name":"container","parent":"qnirzz","children":["guvtdd"],"settings":{"_padding":{"bottom":"0","top":"0","left":"0","right":"0"}}},{"id":"eakldy","name":"heading","parent":"sgkkzd","children":[],"settings":{"text":"Don\u2019t Miss Out \u2013 Save on Our Top Product!","_typography":{"text-align":"center","font-weight":"700","font-size":"22"},"_margin":{"bottom":"30"},"_typography:mobile_portrait":{"line-height":"1.3","font-size":"18"},"_alignSelf":"center","tag":"h4"}}]
