[{"ID":52535,"title":"Pet Food","type":"free","featured_image_url":"https:\/\/templates.cartflows.com\/elementor\/wp-content\/uploads\/sites\/2\/2022\/02\/pet-food-sales-landing.jpg","thumbnail_image_url":"https:\/\/templates.cartflows.com\/elementor\/wp-content\/uploads\/sites\/2\/2022\/02\/pet-food-sales-landing-600x2091.jpg","category":["product-landing"],"page_builder":"elementor","steps":[{"ID":52536,"title":"Pet Food Sales Landing","type":"landing","featured_image_url":"https:\/\/templates.cartflows.com\/elementor\/wp-content\/uploads\/sites\/2\/2022\/02\/pet-food-sales-landing.jpg","thumbnail_image_url":"https:\/\/templates.cartflows.com\/elementor\/wp-content\/uploads\/sites\/2\/2022\/02\/pet-food-sales-landing-600x2091.jpg","link":"https:\/\/templates.cartflows.com\/elementor\/pet-food-sales-landing\/"},{"ID":52537,"title":"Pet Food Checkout","type":"checkout","featured_image_url":"https:\/\/templates.cartflows.com\/elementor\/wp-content\/uploads\/sites\/2\/2022\/02\/pet-food-checkout.jpg","thumbnail_image_url":"https:\/\/templates.cartflows.com\/elementor\/wp-content\/uploads\/sites\/2\/2022\/02\/pet-food-checkout-600x1183.jpg","link":"https:\/\/templates.cartflows.com\/elementor\/pet-food-checkout\/"},{"ID":52538,"title":"Pet Food Thank You","type":"thankyou","featured_image_url":"https:\/\/templates.cartflows.com\/elementor\/wp-content\/uploads\/sites\/2\/2022\/02\/pet-food-thank-you.jpg","thumbnail_image_url":"https:\/\/templates.cartflows.com\/elementor\/wp-content\/uploads\/sites\/2\/2022\/02\/pet-food-thank-you-600x608.jpg","link":"https:\/\/templates.cartflows.com\/elementor\/pet-food-thank-you\/"}],"cartflows_flow_page_builder":[{"term_id":16,"name":"Elementor","slug":"elementor","term_group":0,"term_taxonomy_id":16,"taxonomy":"cartflows_flow_page_builder","description":"","parent":0,"count":55,"filter":"raw","term_order":"0"}],"cartflows_flow_category":[{"term_id":28,"name":"Product Landing","slug":"product-landing","term_group":0,"term_taxonomy_id":28,"taxonomy":"cartflows_flow_category","description":"","parent":0,"count":27,"filter":"raw","term_order":"0"}],"cartflows_flow_type":[{"term_id":27,"name":"Free","slug":"free","term_group":0,"term_taxonomy_id":27,"taxonomy":"cartflows_flow_type","description":"","parent":0,"count":28,"filter":"raw","term_order":"0"}]},{"ID":52386,"title":"Store Checkout 04","type":"free","featured_image_url":"https:\/\/templates.cartflows.com\/elementor\/wp-content\/uploads\/sites\/2\/2022\/02\/global-checkout-04.jpg","thumbnail_image_url":"https:\/\/templates.cartflows.com\/elementor\/wp-content\/uploads\/sites\/2\/2022\/02\/global-checkout-04-600x817.jpg","category":["store-checkout"],"page_builder":"elementor","steps":[{"ID":52388,"title":"Store Checkout 04","type":"checkout","featured_image_url":"https:\/\/templates.cartflows.com\/elementor\/wp-content\/uploads\/sites\/2\/2022\/02\/global-checkout-04.jpg","thumbnail_image_url":"https:\/\/templates.cartflows.com\/elementor\/wp-content\/uploads\/sites\/2\/2022\/02\/global-checkout-04-600x817.jpg","link":"https:\/\/templates.cartflows.com\/elementor\/store-checkout-04\/"},{"ID":55364,"title":"Store Checkout Upsell 04","type":"upsell","featured_image_url":"https:\/\/templates.cartflows.com\/elementor\/wp-content\/uploads\/sites\/2\/2022\/09\/store-checkout-upsell-04.jpg","thumbnail_image_url":"https:\/\/templates.cartflows.com\/elementor\/wp-content\/uploads\/sites\/2\/2022\/09\/store-checkout-upsell-04-600x518.jpg","link":"https:\/\/templates.cartflows.com\/elementor\/store-checkout-upsell-04\/"},{"ID":52389,"title":"Store Checkout Thank You 04","type":"thankyou","featured_image_url":"https:\/\/templates.cartflows.com\/elementor\/wp-content\/uploads\/sites\/2\/2022\/02\/global-thankyou-04.jpg","thumbnail_image_url":"https:\/\/templates.cartflows.com\/elementor\/wp-content\/uploads\/sites\/2\/2022\/02\/global-thankyou-04-600x546.jpg","link":"https:\/\/templates.cartflows.com\/elementor\/store-checkout-thank-you-04\/"}],"cartflows_flow_page_builder":[{"term_id":16,"name":"Elementor","slug":"elementor","term_group":0,"term_taxonomy_id":16,"taxonomy":"cartflows_flow_page_builder","description":"","parent":0,"count":55,"filter":"raw","term_order":"0"}],"cartflows_flow_category":[{"term_id":200,"name":"Store Checkout","slug":"store-checkout","term_group":0,"term_taxonomy_id":200,"taxonomy":"cartflows_flow_category","description":"","parent":0,"count":4,"filter":"raw","term_order":"0"}],"cartflows_flow_type":[{"term_id":27,"name":"Free","slug":"free","term_group":0,"term_taxonomy_id":27,"taxonomy":"cartflows_flow_type","description":"","parent":0,"count":28,"filter":"raw","term_order":"0"}]},{"ID":52251,"title":"Store Checkout 03","type":"free","featured_image_url":"https:\/\/templates.cartflows.com\/elementor\/wp-content\/uploads\/sites\/2\/2022\/02\/global-checkout-03-1.jpg","thumbnail_image_url":"https:\/\/templates.cartflows.com\/elementor\/wp-content\/uploads\/sites\/2\/2022\/02\/global-checkout-03-1-600x999.jpg","category":["store-checkout"],"page_builder":"elementor","steps":[{"ID":52253,"title":"Store Checkout 03","type":"checkout","featured_image_url":"https:\/\/templates.cartflows.com\/elementor\/wp-content\/uploads\/sites\/2\/2022\/02\/global-checkout-03-1.jpg","thumbnail_image_url":"https:\/\/templates.cartflows.com\/elementor\/wp-content\/uploads\/sites\/2\/2022\/02\/global-checkout-03-1-600x999.jpg","link":"https:\/\/templates.cartflows.com\/elementor\/store-checkout-03\/"},{"ID":55344,"title":"Store Checkout Upsell 03","type":"upsell","featured_image_url":"https:\/\/templates.cartflows.com\/elementor\/wp-content\/uploads\/sites\/2\/2022\/09\/store-checkout-upsell-03.jpg","thumbnail_image_url":"https:\/\/templates.cartflows.com\/elementor\/wp-content\/uploads\/sites\/2\/2022\/09\/store-checkout-upsell-03-600x965.jpg","link":"https:\/\/templates.cartflows.com\/elementor\/store-checkout-upsell-03\/"},{"ID":52254,"title":"Store Checkout Thank You 03","type":"thankyou","featured_image_url":"https:\/\/templates.cartflows.com\/elementor\/wp-content\/uploads\/sites\/2\/2022\/02\/global-thankyou-03-1.jpg","thumbnail_image_url":"https:\/\/templates.cartflows.com\/elementor\/wp-content\/uploads\/sites\/2\/2022\/02\/global-thankyou-03-1-600x570.jpg","link":"https:\/\/templates.cartflows.com\/elementor\/store-checkout-thank-you-03\/"}],"cartflows_flow_page_builder":[{"term_id":16,"name":"Elementor","slug":"elementor","term_group":0,"term_taxonomy_id":16,"taxonomy":"cartflows_flow_page_builder","description":"","parent":0,"count":55,"filter":"raw","term_order":"0"}],"cartflows_flow_category":[{"term_id":200,"name":"Store Checkout","slug":"store-checkout","term_group":0,"term_taxonomy_id":200,"taxonomy":"cartflows_flow_category","description":"","parent":0,"count":4,"filter":"raw","term_order":"0"}],"cartflows_flow_type":[{"term_id":27,"name":"Free","slug":"free","term_group":0,"term_taxonomy_id":27,"taxonomy":"cartflows_flow_type","description":"","parent":0,"count":28,"filter":"raw","term_order":"0"}]},{"ID":52099,"title":"Store Checkout 02","type":"free","featured_image_url":"https:\/\/templates.cartflows.com\/elementor\/wp-content\/uploads\/sites\/2\/2022\/02\/global-checkout-02-1.jpg","thumbnail_image_url":"https:\/\/templates.cartflows.com\/elementor\/wp-content\/uploads\/sites\/2\/2022\/02\/global-checkout-02-1-600x1059.jpg","category":["store-checkout"],"page_builder":"elementor","steps":[{"ID":52101,"title":"Store Checkout 02","type":"checkout","featured_image_url":"https:\/\/templates.cartflows.com\/elementor\/wp-content\/uploads\/sites\/2\/2022\/02\/global-checkout-02-1.jpg","thumbnail_image_url":"https:\/\/templates.cartflows.com\/elementor\/wp-content\/uploads\/sites\/2\/2022\/02\/global-checkout-02-1-600x1059.jpg","link":"https:\/\/templates.cartflows.com\/elementor\/store-checkout-02\/"},{"ID":55246,"title":"Store Checkout Upsell 02","type":"upsell","featured_image_url":"https:\/\/templates.cartflows.com\/elementor\/wp-content\/uploads\/sites\/2\/2022\/09\/store-checkout-upsell-02.jpg","thumbnail_image_url":"https:\/\/templates.cartflows.com\/elementor\/wp-content\/uploads\/sites\/2\/2022\/09\/store-checkout-upsell-02-600x735.jpg","link":"https:\/\/templates.cartflows.com\/elementor\/store-checkout-upsell-02\/"},{"ID":52102,"title":"Store Checkout Thank You 02","type":"thankyou","featured_image_url":"https:\/\/templates.cartflows.com\/elementor\/wp-content\/uploads\/sites\/2\/2022\/02\/global-thankyou-02-1.jpg","thumbnail_image_url":"https:\/\/templates.cartflows.com\/elementor\/wp-content\/uploads\/sites\/2\/2022\/02\/global-thankyou-02-1-600x531.jpg","link":"https:\/\/templates.cartflows.com\/elementor\/store-checkout-thank-you-02\/"}],"cartflows_flow_page_builder":[{"term_id":16,"name":"Elementor","slug":"elementor","term_group":0,"term_taxonomy_id":16,"taxonomy":"cartflows_flow_page_builder","description":"","parent":0,"count":55,"filter":"raw","term_order":"0"}],"cartflows_flow_category":[{"term_id":200,"name":"Store Checkout","slug":"store-checkout","term_group":0,"term_taxonomy_id":200,"taxonomy":"cartflows_flow_category","description":"","parent":0,"count":4,"filter":"raw","term_order":"0"}],"cartflows_flow_type":[{"term_id":27,"name":"Free","slug":"free","term_group":0,"term_taxonomy_id":27,"taxonomy":"cartflows_flow_type","description":"","parent":0,"count":28,"filter":"raw","term_order":"0"}]},{"ID":51946,"title":"Store Checkout 01","type":"free","featured_image_url":"https:\/\/templates.cartflows.com\/elementor\/wp-content\/uploads\/sites\/2\/2022\/02\/global-checkout-01-1.jpg","thumbnail_image_url":"https:\/\/templates.cartflows.com\/elementor\/wp-content\/uploads\/sites\/2\/2022\/02\/global-checkout-01-1-600x819.jpg","category":["store-checkout"],"page_builder":"elementor","steps":[{"ID":51948,"title":"Store Checkout 01","type":"checkout","featured_image_url":"https:\/\/templates.cartflows.com\/elementor\/wp-content\/uploads\/sites\/2\/2022\/02\/global-checkout-01-1.jpg","thumbnail_image_url":"https:\/\/templates.cartflows.com\/elementor\/wp-content\/uploads\/sites\/2\/2022\/02\/global-checkout-01-1-600x819.jpg","link":"https:\/\/templates.cartflows.com\/elementor\/store-checkout-01\/"},{"ID":55145,"title":"Store Checkout Upsell 01","type":"upsell","featured_image_url":"https:\/\/templates.cartflows.com\/elementor\/wp-content\/uploads\/sites\/2\/2022\/08\/store-checkout-upsell-01.jpg","thumbnail_image_url":"https:\/\/templates.cartflows.com\/elementor\/wp-content\/uploads\/sites\/2\/2022\/08\/store-checkout-upsell-01-600x572.jpg","link":"https:\/\/templates.cartflows.com\/elementor\/store-checkout-upsell-01\/"},{"ID":51949,"title":"Store Checkout Thank You 01","type":"thankyou","featured_image_url":"https:\/\/templates.cartflows.com\/elementor\/wp-content\/uploads\/sites\/2\/2022\/02\/global-thankyou-01-1.jpg","thumbnail_image_url":"https:\/\/templates.cartflows.com\/elementor\/wp-content\/uploads\/sites\/2\/2022\/02\/global-thankyou-01-1-600x575.jpg","link":"https:\/\/templates.cartflows.com\/elementor\/store-checkout-thank-you-01\/"}],"cartflows_flow_page_builder":[{"term_id":16,"name":"Elementor","slug":"elementor","term_group":0,"term_taxonomy_id":16,"taxonomy":"cartflows_flow_page_builder","description":"","parent":0,"count":55,"filter":"raw","term_order":"0"}],"cartflows_flow_category":[{"term_id":200,"name":"Store Checkout","slug":"store-checkout","term_group":0,"term_taxonomy_id":200,"taxonomy":"cartflows_flow_category","description":"","parent":0,"count":4,"filter":"raw","term_order":"0"}],"cartflows_flow_type":[{"term_id":27,"name":"Free","slug":"free","term_group":0,"term_taxonomy_id":27,"taxonomy":"cartflows_flow_type","description":"","parent":0,"count":28,"filter":"raw","term_order":"0"}]},{"ID":51226,"title":"Online Marketing eBook","type":"free","featured_image_url":"https:\/\/templates.cartflows.com\/elementor\/wp-content\/uploads\/sites\/2\/2022\/02\/online-marketing-ebook-optin.jpg","thumbnail_image_url":"https:\/\/templates.cartflows.com\/elementor\/wp-content\/uploads\/sites\/2\/2022\/02\/online-marketing-ebook-optin-600x1383.jpg","category":["sales-funnel"],"page_builder":"elementor","steps":[{"ID":51230,"title":"Online Marketing eBook Optin","type":"optin","featured_image_url":"https:\/\/templates.cartflows.com\/elementor\/wp-content\/uploads\/sites\/2\/2022\/02\/online-marketing-ebook-optin.jpg","thumbnail_image_url":"https:\/\/templates.cartflows.com\/elementor\/wp-content\/uploads\/sites\/2\/2022\/02\/online-marketing-ebook-optin-600x1383.jpg","link":"https:\/\/templates.cartflows.com\/elementor\/online-marketing-ebook-optin\/"},{"ID":51229,"title":"Online Marketing eBook Thank You","type":"thankyou","featured_image_url":"https:\/\/templates.cartflows.com\/elementor\/wp-content\/uploads\/sites\/2\/2022\/02\/online-marketing-ebook-thank-you.jpg","thumbnail_image_url":"https:\/\/templates.cartflows.com\/elementor\/wp-content\/uploads\/sites\/2\/2022\/02\/online-marketing-ebook-thank-you-600x830.jpg","link":"https:\/\/templates.cartflows.com\/elementor\/online-marketing-ebook-thank-you\/"}],"cartflows_flow_page_builder":[{"term_id":16,"name":"Elementor","slug":"elementor","term_group":0,"term_taxonomy_id":16,"taxonomy":"cartflows_flow_page_builder","description":"","parent":0,"count":55,"filter":"raw","term_order":"0"}],"cartflows_flow_category":[{"term_id":30,"name":"Sales Funnel","slug":"sales-funnel","term_group":0,"term_taxonomy_id":30,"taxonomy":"cartflows_flow_category","description":"","parent":0,"count":21,"filter":"raw","term_order":"0"}],"cartflows_flow_type":[{"term_id":27,"name":"Free","slug":"free","term_group":0,"term_taxonomy_id":27,"taxonomy":"cartflows_flow_type","description":"","parent":0,"count":28,"filter":"raw","term_order":"0"}]},{"ID":50791,"title":"Digital Marketing Guide","type":"free","featured_image_url":"https:\/\/templates.cartflows.com\/elementor\/wp-content\/uploads\/sites\/2\/2022\/02\/digital-marketing-guide-checkout.jpg","thumbnail_image_url":"https:\/\/templates.cartflows.com\/elementor\/wp-content\/uploads\/sites\/2\/2022\/02\/digital-marketing-guide-checkout-600x3218.jpg","category":["product-landing"],"page_builder":"elementor","steps":[{"ID":50793,"title":"Digital Marketing Guide Checkout","type":"checkout","featured_image_url":"https:\/\/templates.cartflows.com\/elementor\/wp-content\/uploads\/sites\/2\/2022\/02\/digital-marketing-guide-checkout.jpg","thumbnail_image_url":"https:\/\/templates.cartflows.com\/elementor\/wp-content\/uploads\/sites\/2\/2022\/02\/digital-marketing-guide-checkout-600x3218.jpg","link":"https:\/\/templates.cartflows.com\/elementor\/digital-marketing-guide-checkout\/"},{"ID":50794,"title":"Digital Marketing Guide Thank You","type":"thankyou","featured_image_url":"https:\/\/templates.cartflows.com\/elementor\/wp-content\/uploads\/sites\/2\/2022\/02\/digital-marketing-guide-thank-you.jpg","thumbnail_image_url":"https:\/\/templates.cartflows.com\/elementor\/wp-content\/uploads\/sites\/2\/2022\/02\/digital-marketing-guide-thank-you-600x571.jpg","link":"https:\/\/templates.cartflows.com\/elementor\/digital-marketing-guide-thank-you\/"}],"cartflows_flow_page_builder":[{"term_id":16,"name":"Elementor","slug":"elementor","term_group":0,"term_taxonomy_id":16,"taxonomy":"cartflows_flow_page_builder","description":"","parent":0,"count":55,"filter":"raw","term_order":"0"}],"cartflows_flow_category":[{"term_id":28,"name":"Product Landing","slug":"product-landing","term_group":0,"term_taxonomy_id":28,"taxonomy":"cartflows_flow_category","description":"","parent":0,"count":27,"filter":"raw","term_order":"0"}],"cartflows_flow_type":[{"term_id":27,"name":"Free","slug":"free","term_group":0,"term_taxonomy_id":27,"taxonomy":"cartflows_flow_type","description":"","parent":0,"count":28,"filter":"raw","term_order":"0"}]},{"ID":50212,"title":"Fat Burner","type":"pro","featured_image_url":"https:\/\/templates.cartflows.com\/elementor\/wp-content\/uploads\/sites\/2\/2022\/02\/fat-burner-checkout.jpg","thumbnail_image_url":"https:\/\/templates.cartflows.com\/elementor\/wp-content\/uploads\/sites\/2\/2022\/02\/fat-burner-checkout-600x2585.jpg","category":["product-landing"],"page_builder":"elementor","steps":[{"ID":50214,"title":"Fat Burner Checkout","type":"checkout","featured_image_url":"https:\/\/templates.cartflows.com\/elementor\/wp-content\/uploads\/sites\/2\/2022\/02\/fat-burner-checkout.jpg","thumbnail_image_url":"https:\/\/templates.cartflows.com\/elementor\/wp-content\/uploads\/sites\/2\/2022\/02\/fat-burner-checkout-600x2585.jpg","link":"https:\/\/templates.cartflows.com\/elementor\/fat-burner-checkout\/"},{"ID":50547,"title":"Fat Burner Upsell","type":"upsell","featured_image_url":"https:\/\/templates.cartflows.com\/elementor\/wp-content\/uploads\/sites\/2\/2022\/02\/fat-burner-upsell.jpg","thumbnail_image_url":"https:\/\/templates.cartflows.com\/elementor\/wp-content\/uploads\/sites\/2\/2022\/02\/fat-burner-upsell-600x857.jpg","link":"https:\/\/templates.cartflows.com\/elementor\/fat-burner-upsell\/"},{"ID":50215,"title":"Fat Burner Thank You","type":"thankyou","featured_image_url":"https:\/\/templates.cartflows.com\/elementor\/wp-content\/uploads\/sites\/2\/2022\/02\/fat-burner-thank-you.jpg","thumbnail_image_url":"https:\/\/templates.cartflows.com\/elementor\/wp-content\/uploads\/sites\/2\/2022\/02\/fat-burner-thank-you-600x423.jpg","link":"https:\/\/templates.cartflows.com\/elementor\/fat-burner-thank-you\/"}],"cartflows_flow_page_builder":[{"term_id":16,"name":"Elementor","slug":"elementor","term_group":0,"term_taxonomy_id":16,"taxonomy":"cartflows_flow_page_builder","description":"","parent":0,"count":55,"filter":"raw","term_order":"0"}],"cartflows_flow_category":[{"term_id":28,"name":"Product Landing","slug":"product-landing","term_group":0,"term_taxonomy_id":28,"taxonomy":"cartflows_flow_category","description":"","parent":0,"count":27,"filter":"raw","term_order":"0"}],"cartflows_flow_type":[{"term_id":29,"name":"Pro","slug":"pro","term_group":0,"term_taxonomy_id":29,"taxonomy":"cartflows_flow_type","description":"","parent":0,"count":27,"filter":"raw","term_order":"0"}]},{"ID":47974,"title":"Business Consultant","type":"pro","featured_image_url":"https:\/\/templates.cartflows.com\/elementor\/wp-content\/uploads\/sites\/2\/2022\/02\/business-consultant-sales-landing-1.jpg","thumbnail_image_url":"https:\/\/templates.cartflows.com\/elementor\/wp-content\/uploads\/sites\/2\/2022\/02\/business-consultant-sales-landing-1-600x5151.jpg","category":["product-landing"],"page_builder":"elementor","steps":[{"ID":47975,"title":"Business Consultant Sales Landing","type":"landing","featured_image_url":"https:\/\/templates.cartflows.com\/elementor\/wp-content\/uploads\/sites\/2\/2022\/02\/business-consultant-sales-landing-1.jpg","thumbnail_image_url":"https:\/\/templates.cartflows.com\/elementor\/wp-content\/uploads\/sites\/2\/2022\/02\/business-consultant-sales-landing-1-600x5151.jpg","link":"https:\/\/templates.cartflows.com\/elementor\/business-consultant-sales-landing\/"},{"ID":47976,"title":"Business Consultant Checkout","type":"checkout","featured_image_url":"https:\/\/templates.cartflows.com\/elementor\/wp-content\/uploads\/sites\/2\/2022\/02\/business-consultant-checkout.jpg","thumbnail_image_url":"https:\/\/templates.cartflows.com\/elementor\/wp-content\/uploads\/sites\/2\/2022\/02\/business-consultant-checkout-600x1149.jpg","link":"https:\/\/templates.cartflows.com\/elementor\/business-consultant-checkout\/"},{"ID":47977,"title":"Business Consultant Thank You","type":"thankyou","featured_image_url":"https:\/\/templates.cartflows.com\/elementor\/wp-content\/uploads\/sites\/2\/2022\/02\/business-consultant-thank-you.jpg","thumbnail_image_url":"https:\/\/templates.cartflows.com\/elementor\/wp-content\/uploads\/sites\/2\/2022\/02\/business-consultant-thank-you-600x543.jpg","link":"https:\/\/templates.cartflows.com\/elementor\/business-consultant-thank-you\/"}],"cartflows_flow_page_builder":[{"term_id":16,"name":"Elementor","slug":"elementor","term_group":0,"term_taxonomy_id":16,"taxonomy":"cartflows_flow_page_builder","description":"","parent":0,"count":55,"filter":"raw","term_order":"0"}],"cartflows_flow_category":[{"term_id":28,"name":"Product Landing","slug":"product-landing","term_group":0,"term_taxonomy_id":28,"taxonomy":"cartflows_flow_category","description":"","parent":0,"count":27,"filter":"raw","term_order":"0"}],"cartflows_flow_type":[{"term_id":29,"name":"Pro","slug":"pro","term_group":0,"term_taxonomy_id":29,"taxonomy":"cartflows_flow_type","description":"","parent":0,"count":27,"filter":"raw","term_order":"0"}]},{"ID":47103,"title":"Project Manager Software","type":"free","featured_image_url":"https:\/\/templates.cartflows.com\/elementor\/wp-content\/uploads\/sites\/2\/2022\/02\/project-manager-software-sales-landing.jpg","thumbnail_image_url":"https:\/\/templates.cartflows.com\/elementor\/wp-content\/uploads\/sites\/2\/2022\/02\/project-manager-software-sales-landing-600x3158.jpg","category":["product-landing"],"page_builder":"elementor","steps":[{"ID":47104,"title":"Project Manager Software Sales Landing","type":"landing","featured_image_url":"https:\/\/templates.cartflows.com\/elementor\/wp-content\/uploads\/sites\/2\/2022\/02\/project-manager-software-sales-landing.jpg","thumbnail_image_url":"https:\/\/templates.cartflows.com\/elementor\/wp-content\/uploads\/sites\/2\/2022\/02\/project-manager-software-sales-landing-600x3158.jpg","link":"https:\/\/templates.cartflows.com\/elementor\/project-manager-software-sales-landing\/"},{"ID":47105,"title":"Project Manager Software Checkout","type":"checkout","featured_image_url":"https:\/\/templates.cartflows.com\/elementor\/wp-content\/uploads\/sites\/2\/2022\/02\/project-manager-software-checkout.jpg","thumbnail_image_url":"https:\/\/templates.cartflows.com\/elementor\/wp-content\/uploads\/sites\/2\/2022\/02\/project-manager-software-checkout-600x920.jpg","link":"https:\/\/templates.cartflows.com\/elementor\/project-manager-software-checkout\/"},{"ID":47106,"title":"Project Manager Thank You","type":"thankyou","featured_image_url":"https:\/\/templates.cartflows.com\/elementor\/wp-content\/uploads\/sites\/2\/2022\/02\/project-manager-thank-you.jpg","thumbnail_image_url":"https:\/\/templates.cartflows.com\/elementor\/wp-content\/uploads\/sites\/2\/2022\/02\/project-manager-thank-you-600x491.jpg","link":"https:\/\/templates.cartflows.com\/elementor\/project-manager-thank-you\/"}],"cartflows_flow_page_builder":[{"term_id":16,"name":"Elementor","slug":"elementor","term_group":0,"term_taxonomy_id":16,"taxonomy":"cartflows_flow_page_builder","description":"","parent":0,"count":55,"filter":"raw","term_order":"0"}],"cartflows_flow_category":[{"term_id":28,"name":"Product Landing","slug":"product-landing","term_group":0,"term_taxonomy_id":28,"taxonomy":"cartflows_flow_category","description":"","parent":0,"count":27,"filter":"raw","term_order":"0"}],"cartflows_flow_type":[{"term_id":27,"name":"Free","slug":"free","term_group":0,"term_taxonomy_id":27,"taxonomy":"cartflows_flow_type","description":"","parent":0,"count":28,"filter":"raw","term_order":"0"}]},{"ID":46529,"title":"Web3 Crash Course","type":"free","featured_image_url":"https:\/\/templates.cartflows.com\/elementor\/wp-content\/uploads\/sites\/2\/2022\/01\/web3-crash-course-checkout.jpg","thumbnail_image_url":"https:\/\/templates.cartflows.com\/elementor\/wp-content\/uploads\/sites\/2\/2022\/01\/web3-crash-course-checkout-600x4252.jpg","category":["product-landing"],"page_builder":"elementor","steps":[{"ID":46531,"title":"Web3 Crash Course Checkout","type":"checkout","featured_image_url":"https:\/\/templates.cartflows.com\/elementor\/wp-content\/uploads\/sites\/2\/2022\/01\/web3-crash-course-checkout-1.jpg","thumbnail_image_url":"https:\/\/templates.cartflows.com\/elementor\/wp-content\/uploads\/sites\/2\/2022\/01\/web3-crash-course-checkout-1-600x4322.jpg","link":"https:\/\/templates.cartflows.com\/elementor\/web3-crash-course-checkout\/"},{"ID":46532,"title":"Web3 Crash Course Thank You","type":"thankyou","featured_image_url":"https:\/\/templates.cartflows.com\/elementor\/wp-content\/uploads\/sites\/2\/2022\/01\/web3-crash-course-thank-you.jpg","thumbnail_image_url":"https:\/\/templates.cartflows.com\/elementor\/wp-content\/uploads\/sites\/2\/2022\/01\/web3-crash-course-thank-you-600x690.jpg","link":"https:\/\/templates.cartflows.com\/elementor\/web3-crash-course-thank-you\/"}],"cartflows_flow_page_builder":[{"term_id":16,"name":"Elementor","slug":"elementor","term_group":0,"term_taxonomy_id":16,"taxonomy":"cartflows_flow_page_builder","description":"","parent":0,"count":55,"filter":"raw","term_order":"0"}],"cartflows_flow_category":[{"term_id":28,"name":"Product Landing","slug":"product-landing","term_group":0,"term_taxonomy_id":28,"taxonomy":"cartflows_flow_category","description":"","parent":0,"count":27,"filter":"raw","term_order":"0"}],"cartflows_flow_type":[{"term_id":27,"name":"Free","slug":"free","term_group":0,"term_taxonomy_id":27,"taxonomy":"cartflows_flow_type","description":"","parent":0,"count":28,"filter":"raw","term_order":"0"}]},{"ID":45525,"title":"Brightening Gel","type":"pro","featured_image_url":"https:\/\/templates.cartflows.com\/elementor\/wp-content\/uploads\/sites\/2\/2022\/01\/brightening-gel-sales-landing-1.jpg","thumbnail_image_url":"https:\/\/templates.cartflows.com\/elementor\/wp-content\/uploads\/sites\/2\/2022\/01\/brightening-gel-sales-landing-1-600x2902.jpg","category":["sales-funnel"],"page_builder":"elementor","steps":[{"ID":45526,"title":"Brightening Gel Sales Landing","type":"landing","featured_image_url":"https:\/\/templates.cartflows.com\/elementor\/wp-content\/uploads\/sites\/2\/2022\/01\/brightening-gel-sales-landing-2.jpg","thumbnail_image_url":"https:\/\/templates.cartflows.com\/elementor\/wp-content\/uploads\/sites\/2\/2022\/01\/brightening-gel-sales-landing-2-600x2902.jpg","link":"https:\/\/templates.cartflows.com\/elementor\/brightening-gel-sales-landing\/"},{"ID":45527,"title":"Brightening Gel Checkout","type":"checkout","featured_image_url":"https:\/\/templates.cartflows.com\/elementor\/wp-content\/uploads\/sites\/2\/2022\/01\/brightening-gel-checkout.jpg","thumbnail_image_url":"https:\/\/templates.cartflows.com\/elementor\/wp-content\/uploads\/sites\/2\/2022\/01\/brightening-gel-checkout-600x1291.jpg","link":"https:\/\/templates.cartflows.com\/elementor\/brightening-gel-checkout\/"},{"ID":45994,"title":"Brightening Gel Upsell","type":"upsell","featured_image_url":"https:\/\/templates.cartflows.com\/elementor\/wp-content\/uploads\/sites\/2\/2022\/01\/brightening-gel-upsell.jpg","thumbnail_image_url":"https:\/\/templates.cartflows.com\/elementor\/wp-content\/uploads\/sites\/2\/2022\/01\/brightening-gel-upsell-600x1299.jpg","link":"https:\/\/templates.cartflows.com\/elementor\/brightening-gel-upsell\/"},{"ID":46220,"title":"Brightening Gel Downsell","type":"downsell","featured_image_url":"https:\/\/templates.cartflows.com\/elementor\/wp-content\/uploads\/sites\/2\/2022\/01\/brightening-gel-downsell.jpg","thumbnail_image_url":"https:\/\/templates.cartflows.com\/elementor\/wp-content\/uploads\/sites\/2\/2022\/01\/brightening-gel-downsell-600x423.jpg","link":"https:\/\/templates.cartflows.com\/elementor\/brightening-gel-downsell\/"},{"ID":45528,"title":"Brightening Gel Thank You","type":"thankyou","featured_image_url":"https:\/\/templates.cartflows.com\/elementor\/wp-content\/uploads\/sites\/2\/2022\/01\/brightening-gel-thank-you.jpg","thumbnail_image_url":"https:\/\/templates.cartflows.com\/elementor\/wp-content\/uploads\/sites\/2\/2022\/01\/brightening-gel-thank-you-600x786.jpg","link":"https:\/\/templates.cartflows.com\/elementor\/brightening-gel-thank-you\/"}],"cartflows_flow_page_builder":[{"term_id":16,"name":"Elementor","slug":"elementor","term_group":0,"term_taxonomy_id":16,"taxonomy":"cartflows_flow_page_builder","description":"","parent":0,"count":55,"filter":"raw","term_order":"0"}],"cartflows_flow_category":[{"term_id":30,"name":"Sales Funnel","slug":"sales-funnel","term_group":0,"term_taxonomy_id":30,"taxonomy":"cartflows_flow_category","description":"","parent":0,"count":21,"filter":"raw","term_order":"0"}],"cartflows_flow_type":[{"term_id":29,"name":"Pro","slug":"pro","term_group":0,"term_taxonomy_id":29,"taxonomy":"cartflows_flow_type","description":"","parent":0,"count":27,"filter":"raw","term_order":"0"}]},{"ID":45455,"title":"Mint Tea","type":"pro","featured_image_url":"https:\/\/templates.cartflows.com\/elementor\/wp-content\/uploads\/sites\/2\/2022\/01\/mint-tea-sales-landing.jpg","thumbnail_image_url":"https:\/\/templates.cartflows.com\/elementor\/wp-content\/uploads\/sites\/2\/2022\/01\/mint-tea-sales-landing-600x2300.jpg","category":["sales-funnel"],"page_builder":"elementor","steps":[{"ID":45456,"title":"Mint Tea Sales Landing","type":"landing","featured_image_url":"https:\/\/templates.cartflows.com\/elementor\/wp-content\/uploads\/sites\/2\/2022\/01\/mint-tea-sales-landing.jpg","thumbnail_image_url":"https:\/\/templates.cartflows.com\/elementor\/wp-content\/uploads\/sites\/2\/2022\/01\/mint-tea-sales-landing-600x2300.jpg","link":"https:\/\/templates.cartflows.com\/elementor\/mint-tea-sales-landing\/"},{"ID":45457,"title":"Mint Tea Checkout","type":"checkout","featured_image_url":"https:\/\/templates.cartflows.com\/elementor\/wp-content\/uploads\/sites\/2\/2022\/01\/mint-tea-checkout-1.jpg","thumbnail_image_url":"https:\/\/templates.cartflows.com\/elementor\/wp-content\/uploads\/sites\/2\/2022\/01\/mint-tea-checkout-1-600x1048.jpg","link":"https:\/\/templates.cartflows.com\/elementor\/mint-tea-checkout\/"},{"ID":45462,"title":"Mint Tea Upsell","type":"upsell","featured_image_url":"https:\/\/templates.cartflows.com\/elementor\/wp-content\/uploads\/sites\/2\/2022\/01\/mint-tea-upsell.jpg","thumbnail_image_url":"https:\/\/templates.cartflows.com\/elementor\/wp-content\/uploads\/sites\/2\/2022\/01\/mint-tea-upsell-600x430.jpg","link":"https:\/\/templates.cartflows.com\/elementor\/mint-tea-upsell\/"},{"ID":45458,"title":"Mint Tea Thank you","type":"thankyou","featured_image_url":"https:\/\/templates.cartflows.com\/elementor\/wp-content\/uploads\/sites\/2\/2022\/01\/mint-tea-thank-you.jpg","thumbnail_image_url":"https:\/\/templates.cartflows.com\/elementor\/wp-content\/uploads\/sites\/2\/2022\/01\/mint-tea-thank-you-600x1188.jpg","link":"https:\/\/templates.cartflows.com\/elementor\/mint-tea-thank-you\/"}],"cartflows_flow_page_builder":[{"term_id":16,"name":"Elementor","slug":"elementor","term_group":0,"term_taxonomy_id":16,"taxonomy":"cartflows_flow_page_builder","description":"","parent":0,"count":55,"filter":"raw","term_order":"0"}],"cartflows_flow_category":[{"term_id":30,"name":"Sales Funnel","slug":"sales-funnel","term_group":0,"term_taxonomy_id":30,"taxonomy":"cartflows_flow_category","description":"","parent":0,"count":21,"filter":"raw","term_order":"0"}],"cartflows_flow_type":[{"term_id":29,"name":"Pro","slug":"pro","term_group":0,"term_taxonomy_id":29,"taxonomy":"cartflows_flow_type","description":"","parent":0,"count":27,"filter":"raw","term_order":"0"}]},{"ID":45043,"title":"Smart Vacuum Cleaner","type":"pro","featured_image_url":"https:\/\/templates.cartflows.com\/elementor\/wp-content\/uploads\/sites\/2\/2022\/01\/robovacuum-sales-landing.jpg","thumbnail_image_url":"https:\/\/templates.cartflows.com\/elementor\/wp-content\/uploads\/sites\/2\/2022\/01\/robovacuum-sales-landing-600x3463.jpg","category":["product-landing"],"page_builder":"elementor","steps":[{"ID":45044,"title":"RoboVacuum Sales Landing","type":"landing","featured_image_url":"https:\/\/templates.cartflows.com\/elementor\/wp-content\/uploads\/sites\/2\/2022\/01\/robovacuum-sales-landing.jpg","thumbnail_image_url":"https:\/\/templates.cartflows.com\/elementor\/wp-content\/uploads\/sites\/2\/2022\/01\/robovacuum-sales-landing-600x3463.jpg","link":"https:\/\/templates.cartflows.com\/elementor\/robovacuum-sales-landing\/"},{"ID":45045,"title":"RoboVacuum Checkout","type":"checkout","featured_image_url":"https:\/\/templates.cartflows.com\/elementor\/wp-content\/uploads\/sites\/2\/2022\/01\/robovacuum-checkout-1.jpg","thumbnail_image_url":"https:\/\/templates.cartflows.com\/elementor\/wp-content\/uploads\/sites\/2\/2022\/01\/robovacuum-checkout-1-600x1314.jpg","link":"https:\/\/templates.cartflows.com\/elementor\/robovacuum-checkout\/"},{"ID":48477,"title":"RoboVacuum Upsell","type":"upsell","featured_image_url":"https:\/\/templates.cartflows.com\/elementor\/wp-content\/uploads\/sites\/2\/2022\/02\/robovacuum-upsell.jpg","thumbnail_image_url":"https:\/\/templates.cartflows.com\/elementor\/wp-content\/uploads\/sites\/2\/2022\/02\/robovacuum-upsell-600x496.jpg","link":"https:\/\/templates.cartflows.com\/elementor\/robovacuum-upsell\/"},{"ID":45046,"title":"RoboVacuum Thank you","type":"thankyou","featured_image_url":"https:\/\/templates.cartflows.com\/elementor\/wp-content\/uploads\/sites\/2\/2022\/01\/robovacuum-thank-you.jpg","thumbnail_image_url":"https:\/\/templates.cartflows.com\/elementor\/wp-content\/uploads\/sites\/2\/2022\/01\/robovacuum-thank-you-600x1204.jpg","link":"https:\/\/templates.cartflows.com\/elementor\/robovacuum-thank-you\/"}],"cartflows_flow_page_builder":[{"term_id":16,"name":"Elementor","slug":"elementor","term_group":0,"term_taxonomy_id":16,"taxonomy":"cartflows_flow_page_builder","description":"","parent":0,"count":55,"filter":"raw","term_order":"0"}],"cartflows_flow_category":[{"term_id":28,"name":"Product Landing","slug":"product-landing","term_group":0,"term_taxonomy_id":28,"taxonomy":"cartflows_flow_category","description":"","parent":0,"count":27,"filter":"raw","term_order":"0"}],"cartflows_flow_type":[{"term_id":29,"name":"Pro","slug":"pro","term_group":0,"term_taxonomy_id":29,"taxonomy":"cartflows_flow_type","description":"","parent":0,"count":27,"filter":"raw","term_order":"0"}]},{"ID":44200,"title":"Whey Protein","type":"pro","featured_image_url":"https:\/\/templates.cartflows.com\/elementor\/wp-content\/uploads\/sites\/2\/2022\/01\/whey-protein-sales-landing.jpg","thumbnail_image_url":"https:\/\/templates.cartflows.com\/elementor\/wp-content\/uploads\/sites\/2\/2022\/01\/whey-protein-sales-landing-600x2771.jpg","category":["product-landing"],"page_builder":"elementor","steps":[{"ID":44201,"title":"Whey Protein Sales Landing","type":"landing","featured_image_url":"https:\/\/templates.cartflows.com\/elementor\/wp-content\/uploads\/sites\/2\/2022\/01\/whey-protein-sales-landing.jpg","thumbnail_image_url":"https:\/\/templates.cartflows.com\/elementor\/wp-content\/uploads\/sites\/2\/2022\/01\/whey-protein-sales-landing-600x2771.jpg","link":"https:\/\/templates.cartflows.com\/elementor\/whey-protein-sales-landing\/"},{"ID":44202,"title":"Whey Protein Checkout","type":"checkout","featured_image_url":"https:\/\/templates.cartflows.com\/elementor\/wp-content\/uploads\/sites\/2\/2022\/01\/whey-protein-checkout.jpg","thumbnail_image_url":"https:\/\/templates.cartflows.com\/elementor\/wp-content\/uploads\/sites\/2\/2022\/01\/whey-protein-checkout-600x1812.jpg","link":"https:\/\/templates.cartflows.com\/elementor\/whey-protein-checkout\/"},{"ID":44825,"title":"Whey Protein Upsell","type":"upsell","featured_image_url":"https:\/\/templates.cartflows.com\/elementor\/wp-content\/uploads\/sites\/2\/2022\/01\/whey-protein-upsell.jpg","thumbnail_image_url":"https:\/\/templates.cartflows.com\/elementor\/wp-content\/uploads\/sites\/2\/2022\/01\/whey-protein-upsell-600x423.jpg","link":"https:\/\/templates.cartflows.com\/elementor\/whey-protein-upsell\/"},{"ID":44203,"title":"Whey Protein Thank You","type":"thankyou","featured_image_url":"https:\/\/templates.cartflows.com\/elementor\/wp-content\/uploads\/sites\/2\/2022\/01\/whey-protein-thank-you.jpg","thumbnail_image_url":"https:\/\/templates.cartflows.com\/elementor\/wp-content\/uploads\/sites\/2\/2022\/01\/whey-protein-thank-you-600x423.jpg","link":"https:\/\/templates.cartflows.com\/elementor\/whey-protein-thank-you\/"}],"cartflows_flow_page_builder":[{"term_id":16,"name":"Elementor","slug":"elementor","term_group":0,"term_taxonomy_id":16,"taxonomy":"cartflows_flow_page_builder","description":"","parent":0,"count":55,"filter":"raw","term_order":"0"}],"cartflows_flow_category":[{"term_id":28,"name":"Product Landing","slug":"product-landing","term_group":0,"term_taxonomy_id":28,"taxonomy":"cartflows_flow_category","description":"","parent":0,"count":27,"filter":"raw","term_order":"0"}],"cartflows_flow_type":[{"term_id":29,"name":"Pro","slug":"pro","term_group":0,"term_taxonomy_id":29,"taxonomy":"cartflows_flow_type","description":"","parent":0,"count":27,"filter":"raw","term_order":"0"}]},{"ID":42907,"title":"CRM Software","type":"pro","featured_image_url":"https:\/\/templates.cartflows.com\/elementor\/wp-content\/uploads\/sites\/2\/2022\/01\/crm-software-sales-landing.jpg","thumbnail_image_url":"https:\/\/templates.cartflows.com\/elementor\/wp-content\/uploads\/sites\/2\/2022\/01\/crm-software-sales-landing-600x3163.jpg","category":["product-landing"],"page_builder":"elementor","steps":[{"ID":42908,"title":"CRM Software Sales Landing","type":"landing","featured_image_url":"https:\/\/templates.cartflows.com\/elementor\/wp-content\/uploads\/sites\/2\/2022\/01\/crm-software-sales-landing.jpg","thumbnail_image_url":"https:\/\/templates.cartflows.com\/elementor\/wp-content\/uploads\/sites\/2\/2022\/01\/crm-software-sales-landing-600x3163.jpg","link":"https:\/\/templates.cartflows.com\/elementor\/crm-software-sales-landing\/"},{"ID":42909,"title":"CRM Software Checkout","type":"checkout","featured_image_url":"https:\/\/templates.cartflows.com\/elementor\/wp-content\/uploads\/sites\/2\/2022\/01\/crm-software-sales-checkout.jpg","thumbnail_image_url":"https:\/\/templates.cartflows.com\/elementor\/wp-content\/uploads\/sites\/2\/2022\/01\/crm-software-sales-checkout-600x1209.jpg","link":"https:\/\/templates.cartflows.com\/elementor\/crm-software-checkout\/"},{"ID":43498,"title":"CRM Software Upsell","type":"upsell","featured_image_url":"https:\/\/templates.cartflows.com\/elementor\/wp-content\/uploads\/sites\/2\/2022\/01\/crm-software-sales-upsell.jpg","thumbnail_image_url":"https:\/\/templates.cartflows.com\/elementor\/wp-content\/uploads\/sites\/2\/2022\/01\/crm-software-sales-upsell-600x486.jpg","link":"https:\/\/templates.cartflows.com\/elementor\/crm-software-upsell\/"},{"ID":42910,"title":"CRM Software Thank You","type":"thankyou","featured_image_url":"https:\/\/templates.cartflows.com\/elementor\/wp-content\/uploads\/sites\/2\/2022\/01\/crm-software-sales-thank-you.jpg","thumbnail_image_url":"https:\/\/templates.cartflows.com\/elementor\/wp-content\/uploads\/sites\/2\/2022\/01\/crm-software-sales-thank-you-600x858.jpg","link":"https:\/\/templates.cartflows.com\/elementor\/crm-software-thank-you\/"}],"cartflows_flow_page_builder":[{"term_id":16,"name":"Elementor","slug":"elementor","term_group":0,"term_taxonomy_id":16,"taxonomy":"cartflows_flow_page_builder","description":"","parent":0,"count":55,"filter":"raw","term_order":"0"}],"cartflows_flow_category":[{"term_id":28,"name":"Product Landing","slug":"product-landing","term_group":0,"term_taxonomy_id":28,"taxonomy":"cartflows_flow_category","description":"","parent":0,"count":27,"filter":"raw","term_order":"0"}],"cartflows_flow_type":[{"term_id":29,"name":"Pro","slug":"pro","term_group":0,"term_taxonomy_id":29,"taxonomy":"cartflows_flow_type","description":"","parent":0,"count":27,"filter":"raw","term_order":"0"}]},{"ID":41664,"title":"SaaS Software","type":"pro","featured_image_url":"https:\/\/templates.cartflows.com\/elementor\/wp-content\/uploads\/sites\/2\/2022\/01\/saas-software-sales-landing-1.jpg","thumbnail_image_url":"https:\/\/templates.cartflows.com\/elementor\/wp-content\/uploads\/sites\/2\/2022\/01\/saas-software-sales-landing-1-600x3848.jpg","category":["product-landing"],"page_builder":"elementor","steps":[{"ID":41665,"title":"SaaS Software Sales Landing","type":"landing","featured_image_url":"https:\/\/templates.cartflows.com\/elementor\/wp-content\/uploads\/sites\/2\/2022\/01\/saas-software-sales-landing-1.jpg","thumbnail_image_url":"https:\/\/templates.cartflows.com\/elementor\/wp-content\/uploads\/sites\/2\/2022\/01\/saas-software-sales-landing-1-600x3848.jpg","link":"https:\/\/templates.cartflows.com\/elementor\/saas-software-sales-landing\/"},{"ID":41666,"title":"SaaS Software Checkout","type":"checkout","featured_image_url":"https:\/\/templates.cartflows.com\/elementor\/wp-content\/uploads\/sites\/2\/2022\/01\/saas-software-sales-checkout.jpg","thumbnail_image_url":"https:\/\/templates.cartflows.com\/elementor\/wp-content\/uploads\/sites\/2\/2022\/01\/saas-software-sales-checkout-600x819.jpg","link":"https:\/\/templates.cartflows.com\/elementor\/saas-software-checkout\/"},{"ID":41667,"title":"SaaS Software Thank You","type":"thankyou","featured_image_url":"https:\/\/templates.cartflows.com\/elementor\/wp-content\/uploads\/sites\/2\/2022\/01\/saas-software-sales-thank-you.jpg","thumbnail_image_url":"https:\/\/templates.cartflows.com\/elementor\/wp-content\/uploads\/sites\/2\/2022\/01\/saas-software-sales-thank-you-600x885.jpg","link":"https:\/\/templates.cartflows.com\/elementor\/saas-software-thank-you\/"}],"cartflows_flow_page_builder":[{"term_id":16,"name":"Elementor","slug":"elementor","term_group":0,"term_taxonomy_id":16,"taxonomy":"cartflows_flow_page_builder","description":"","parent":0,"count":55,"filter":"raw","term_order":"0"}],"cartflows_flow_category":[{"term_id":28,"name":"Product Landing","slug":"product-landing","term_group":0,"term_taxonomy_id":28,"taxonomy":"cartflows_flow_category","description":"","parent":0,"count":27,"filter":"raw","term_order":"0"}],"cartflows_flow_type":[{"term_id":29,"name":"Pro","slug":"pro","term_group":0,"term_taxonomy_id":29,"taxonomy":"cartflows_flow_type","description":"","parent":0,"count":27,"filter":"raw","term_order":"0"}]},{"ID":40292,"title":"Business Program Membership","type":"pro","featured_image_url":"https:\/\/templates.cartflows.com\/elementor\/wp-content\/uploads\/sites\/2\/2022\/01\/business-program-membership-sales-landing-1.jpg","thumbnail_image_url":"https:\/\/templates.cartflows.com\/elementor\/wp-content\/uploads\/sites\/2\/2022\/01\/business-program-membership-sales-landing-1-600x6305.jpg","category":["product-landing"],"page_builder":"elementor","steps":[{"ID":40293,"title":"Business Program Membership Sales Landing","type":"landing","featured_image_url":"https:\/\/templates.cartflows.com\/elementor\/wp-content\/uploads\/sites\/2\/2022\/01\/business-program-membership-sales-landing-1.jpg","thumbnail_image_url":"https:\/\/templates.cartflows.com\/elementor\/wp-content\/uploads\/sites\/2\/2022\/01\/business-program-membership-sales-landing-1-600x6305.jpg","link":"https:\/\/templates.cartflows.com\/elementor\/business-program-membership-sales-landing\/"},{"ID":40294,"title":"Business Program Membership Checkout","type":"checkout","featured_image_url":"https:\/\/templates.cartflows.com\/elementor\/wp-content\/uploads\/sites\/2\/2022\/01\/business-program-membership-checkout.jpg","thumbnail_image_url":"https:\/\/templates.cartflows.com\/elementor\/wp-content\/uploads\/sites\/2\/2022\/01\/business-program-membership-checkout-600x1356.jpg","link":"https:\/\/templates.cartflows.com\/elementor\/business-program-membership-checkout\/"},{"ID":40295,"title":"Business Program Membership Thank You","type":"thankyou","featured_image_url":"https:\/\/templates.cartflows.com\/elementor\/wp-content\/uploads\/sites\/2\/2022\/01\/business-program-membership-thank-you.jpg","thumbnail_image_url":"https:\/\/templates.cartflows.com\/elementor\/wp-content\/uploads\/sites\/2\/2022\/01\/business-program-membership-thank-you-600x585.jpg","link":"https:\/\/templates.cartflows.com\/elementor\/business-program-membership-thank-you\/"}],"cartflows_flow_page_builder":[{"term_id":16,"name":"Elementor","slug":"elementor","term_group":0,"term_taxonomy_id":16,"taxonomy":"cartflows_flow_page_builder","description":"","parent":0,"count":55,"filter":"raw","term_order":"0"}],"cartflows_flow_category":[{"term_id":28,"name":"Product Landing","slug":"product-landing","term_group":0,"term_taxonomy_id":28,"taxonomy":"cartflows_flow_category","description":"","parent":0,"count":27,"filter":"raw","term_order":"0"}],"cartflows_flow_type":[{"term_id":29,"name":"Pro","slug":"pro","term_group":0,"term_taxonomy_id":29,"taxonomy":"cartflows_flow_type","description":"","parent":0,"count":27,"filter":"raw","term_order":"0"}]},{"ID":34646,"title":"In-person Online Course Registration","type":"pro","featured_image_url":"https:\/\/templates.cartflows.com\/elementor\/wp-content\/uploads\/sites\/2\/2021\/12\/online-course-inperson-sales-landing.jpg","thumbnail_image_url":"https:\/\/templates.cartflows.com\/elementor\/wp-content\/uploads\/sites\/2\/2021\/12\/online-course-inperson-sales-landing-600x3312.jpg","category":["lead-generation"],"page_builder":"elementor","steps":[{"ID":34647,"title":"Online Course Inperson Sales Landing","type":"landing","featured_image_url":"https:\/\/templates.cartflows.com\/elementor\/wp-content\/uploads\/sites\/2\/2021\/12\/online-course-inperson-sales-landing.jpg","thumbnail_image_url":"https:\/\/templates.cartflows.com\/elementor\/wp-content\/uploads\/sites\/2\/2021\/12\/online-course-inperson-sales-landing-600x3312.jpg","link":"https:\/\/templates.cartflows.com\/elementor\/online-course-inperson-sales-landing\/"},{"ID":34648,"title":"Online Course Inperson Checkout","type":"checkout","featured_image_url":"https:\/\/templates.cartflows.com\/elementor\/wp-content\/uploads\/sites\/2\/2021\/12\/online-course-inperson-checkout.jpg","thumbnail_image_url":"https:\/\/templates.cartflows.com\/elementor\/wp-content\/uploads\/sites\/2\/2021\/12\/online-course-inperson-checkout-600x1355.jpg","link":"https:\/\/templates.cartflows.com\/elementor\/online-course-inperson-checkout\/"},{"ID":34649,"title":"Online Course Inperson Thank you","type":"thankyou","featured_image_url":"https:\/\/templates.cartflows.com\/elementor\/wp-content\/uploads\/sites\/2\/2021\/12\/online-course-inperson-thank-you.jpg","thumbnail_image_url":"https:\/\/templates.cartflows.com\/elementor\/wp-content\/uploads\/sites\/2\/2021\/12\/online-course-inperson-thank-you-600x528.jpg","link":"https:\/\/templates.cartflows.com\/elementor\/online-course-inperson-thank-you\/"}],"cartflows_flow_page_builder":[{"term_id":16,"name":"Elementor","slug":"elementor","term_group":0,"term_taxonomy_id":16,"taxonomy":"cartflows_flow_page_builder","description":"","parent":0,"count":55,"filter":"raw","term_order":"0"}],"cartflows_flow_category":[{"term_id":34,"name":"Lead Generation","slug":"lead-generation","term_group":0,"term_taxonomy_id":34,"taxonomy":"cartflows_flow_category","description":"","parent":0,"count":11,"filter":"raw","term_order":"0"}],"cartflows_flow_type":[{"term_id":29,"name":"Pro","slug":"pro","term_group":0,"term_taxonomy_id":29,"taxonomy":"cartflows_flow_type","description":"","parent":0,"count":27,"filter":"raw","term_order":"0"}]},{"ID":34034,"title":"Online Yoga Course","type":"free","featured_image_url":"https:\/\/templates.cartflows.com\/elementor\/wp-content\/uploads\/sites\/2\/2021\/12\/online-yoga-course-optin.jpg","thumbnail_image_url":"https:\/\/templates.cartflows.com\/elementor\/wp-content\/uploads\/sites\/2\/2021\/12\/online-yoga-course-optin-600x2798.jpg","category":["sales-funnel","lead-generation"],"page_builder":"elementor","steps":[{"ID":34038,"title":"Online Yoga Course Optin","type":"optin","featured_image_url":"https:\/\/templates.cartflows.com\/elementor\/wp-content\/uploads\/sites\/2\/2021\/12\/online-yoga-course-optin.jpg","thumbnail_image_url":"https:\/\/templates.cartflows.com\/elementor\/wp-content\/uploads\/sites\/2\/2021\/12\/online-yoga-course-optin-600x2798.jpg","link":"https:\/\/templates.cartflows.com\/elementor\/online-yoga-course-optin\/"},{"ID":34036,"title":"Online Yoga Course Checkout","type":"checkout","featured_image_url":"https:\/\/templates.cartflows.com\/elementor\/wp-content\/uploads\/sites\/2\/2021\/12\/online-yoga-course-checkout.jpg","thumbnail_image_url":"https:\/\/templates.cartflows.com\/elementor\/wp-content\/uploads\/sites\/2\/2021\/12\/online-yoga-course-checkout-600x2935.jpg","link":"https:\/\/templates.cartflows.com\/elementor\/online-yoga-course-checkout\/"},{"ID":34037,"title":"Online Yoga Course Thank you","type":"thankyou","featured_image_url":"https:\/\/templates.cartflows.com\/elementor\/wp-content\/uploads\/sites\/2\/2021\/12\/online-yoga-course-thank-you.jpg","thumbnail_image_url":"https:\/\/templates.cartflows.com\/elementor\/wp-content\/uploads\/sites\/2\/2021\/12\/online-yoga-course-thank-you-600x809.jpg","link":"https:\/\/templates.cartflows.com\/elementor\/online-yoga-course-thank-you\/"}],"cartflows_flow_page_builder":[{"term_id":16,"name":"Elementor","slug":"elementor","term_group":0,"term_taxonomy_id":16,"taxonomy":"cartflows_flow_page_builder","description":"","parent":0,"count":55,"filter":"raw","term_order":"0"}],"cartflows_flow_category":[{"term_id":30,"name":"Sales Funnel","slug":"sales-funnel","term_group":0,"term_taxonomy_id":30,"taxonomy":"cartflows_flow_category","description":"","parent":0,"count":21,"filter":"raw","term_order":"0"},{"term_id":34,"name":"Lead Generation","slug":"lead-generation","term_group":0,"term_taxonomy_id":34,"taxonomy":"cartflows_flow_category","description":"","parent":0,"count":11,"filter":"raw","term_order":"0"}],"cartflows_flow_type":[{"term_id":27,"name":"Free","slug":"free","term_group":0,"term_taxonomy_id":27,"taxonomy":"cartflows_flow_type","description":"","parent":0,"count":28,"filter":"raw","term_order":"0"}]},{"ID":33693,"title":"Microwave","type":"pro","featured_image_url":"https:\/\/templates.cartflows.com\/elementor\/wp-content\/uploads\/sites\/2\/2021\/12\/microwave-sales-landing.jpg","thumbnail_image_url":"https:\/\/templates.cartflows.com\/elementor\/wp-content\/uploads\/sites\/2\/2021\/12\/microwave-sales-landing-600x3138.jpg","category":["product-landing","sales-funnel"],"page_builder":"elementor","steps":[{"ID":33694,"title":"Microwave Sales Landing","type":"landing","featured_image_url":"https:\/\/templates.cartflows.com\/elementor\/wp-content\/uploads\/sites\/2\/2021\/12\/microwave-sales-landing.jpg","thumbnail_image_url":"https:\/\/templates.cartflows.com\/elementor\/wp-content\/uploads\/sites\/2\/2021\/12\/microwave-sales-landing-600x3138.jpg","link":"https:\/\/templates.cartflows.com\/elementor\/microwave-sales-landing\/"},{"ID":33695,"title":"Microwave Checkout","type":"checkout","featured_image_url":"https:\/\/templates.cartflows.com\/elementor\/wp-content\/uploads\/sites\/2\/2021\/12\/microwave-checkout.jpg","thumbnail_image_url":"https:\/\/templates.cartflows.com\/elementor\/wp-content\/uploads\/sites\/2\/2021\/12\/microwave-checkout-600x943.jpg","link":"https:\/\/templates.cartflows.com\/elementor\/microwave-checkout\/"},{"ID":34195,"title":"Microwave Upsell","type":"upsell","featured_image_url":"https:\/\/templates.cartflows.com\/elementor\/wp-content\/uploads\/sites\/2\/2021\/12\/microwave-upsell.jpg","thumbnail_image_url":"https:\/\/templates.cartflows.com\/elementor\/wp-content\/uploads\/sites\/2\/2021\/12\/microwave-upsell-600x376.jpg","link":"https:\/\/templates.cartflows.com\/elementor\/microwave-upsell\/"},{"ID":33696,"title":"Microwave Thank you","type":"thankyou","featured_image_url":"https:\/\/templates.cartflows.com\/elementor\/wp-content\/uploads\/sites\/2\/2021\/12\/microwave-thank-you.jpg","thumbnail_image_url":"https:\/\/templates.cartflows.com\/elementor\/wp-content\/uploads\/sites\/2\/2021\/12\/microwave-thank-you-600x883.jpg","link":"https:\/\/templates.cartflows.com\/elementor\/microwave-thank-you\/"}],"cartflows_flow_page_builder":[{"term_id":16,"name":"Elementor","slug":"elementor","term_group":0,"term_taxonomy_id":16,"taxonomy":"cartflows_flow_page_builder","description":"","parent":0,"count":55,"filter":"raw","term_order":"0"}],"cartflows_flow_category":[{"term_id":28,"name":"Product Landing","slug":"product-landing","term_group":0,"term_taxonomy_id":28,"taxonomy":"cartflows_flow_category","description":"","parent":0,"count":27,"filter":"raw","term_order":"0"},{"term_id":30,"name":"Sales Funnel","slug":"sales-funnel","term_group":0,"term_taxonomy_id":30,"taxonomy":"cartflows_flow_category","description":"","parent":0,"count":21,"filter":"raw","term_order":"0"}],"cartflows_flow_type":[{"term_id":29,"name":"Pro","slug":"pro","term_group":0,"term_taxonomy_id":29,"taxonomy":"cartflows_flow_type","description":"","parent":0,"count":27,"filter":"raw","term_order":"0"}]},{"ID":33002,"title":"SEO Foundation E-book","type":"free","featured_image_url":"https:\/\/templates.cartflows.com\/elementor\/wp-content\/uploads\/sites\/2\/2021\/12\/seo-foundation-ebook-sales-landing.jpg","thumbnail_image_url":"https:\/\/templates.cartflows.com\/elementor\/wp-content\/uploads\/sites\/2\/2021\/12\/seo-foundation-ebook-sales-landing-600x2712.jpg","category":["product-landing","sales-funnel"],"page_builder":"elementor","steps":[{"ID":33003,"title":"SEO Foundation Ebook Sales Landing","type":"landing","featured_image_url":"https:\/\/templates.cartflows.com\/elementor\/wp-content\/uploads\/sites\/2\/2021\/12\/seo-foundation-ebook-sales-landing.jpg","thumbnail_image_url":"https:\/\/templates.cartflows.com\/elementor\/wp-content\/uploads\/sites\/2\/2021\/12\/seo-foundation-ebook-sales-landing-600x2712.jpg","link":"https:\/\/templates.cartflows.com\/elementor\/seo-foundation-ebook-sales-landing\/"},{"ID":33004,"title":"SEO Foundation Ebook Checkout","type":"checkout","featured_image_url":"https:\/\/templates.cartflows.com\/elementor\/wp-content\/uploads\/sites\/2\/2021\/12\/seo-foundation-ebook-checkout.jpg","thumbnail_image_url":"https:\/\/templates.cartflows.com\/elementor\/wp-content\/uploads\/sites\/2\/2021\/12\/seo-foundation-ebook-checkout-600x461.jpg","link":"https:\/\/templates.cartflows.com\/elementor\/seo-foundation-ebook-checkout\/"},{"ID":33005,"title":"SEO Foundation Ebook Thank You","type":"thankyou","featured_image_url":"https:\/\/templates.cartflows.com\/elementor\/wp-content\/uploads\/sites\/2\/2021\/12\/seo-foundation-ebook-thank-you.jpg","thumbnail_image_url":"https:\/\/templates.cartflows.com\/elementor\/wp-content\/uploads\/sites\/2\/2021\/12\/seo-foundation-ebook-thank-you-600x791.jpg","link":"https:\/\/templates.cartflows.com\/elementor\/seo-foundation-ebook-thank-you\/"}],"cartflows_flow_page_builder":[{"term_id":16,"name":"Elementor","slug":"elementor","term_group":0,"term_taxonomy_id":16,"taxonomy":"cartflows_flow_page_builder","description":"","parent":0,"count":55,"filter":"raw","term_order":"0"}],"cartflows_flow_category":[{"term_id":28,"name":"Product Landing","slug":"product-landing","term_group":0,"term_taxonomy_id":28,"taxonomy":"cartflows_flow_category","description":"","parent":0,"count":27,"filter":"raw","term_order":"0"},{"term_id":30,"name":"Sales Funnel","slug":"sales-funnel","term_group":0,"term_taxonomy_id":30,"taxonomy":"cartflows_flow_category","description":"","parent":0,"count":21,"filter":"raw","term_order":"0"}],"cartflows_flow_type":[{"term_id":27,"name":"Free","slug":"free","term_group":0,"term_taxonomy_id":27,"taxonomy":"cartflows_flow_type","description":"","parent":0,"count":28,"filter":"raw","term_order":"0"}]},{"ID":32553,"title":"Business Coach","type":"free","featured_image_url":"https:\/\/templates.cartflows.com\/elementor\/wp-content\/uploads\/sites\/2\/2021\/12\/business-coach-sales-landing.jpg","thumbnail_image_url":"https:\/\/templates.cartflows.com\/elementor\/wp-content\/uploads\/sites\/2\/2021\/12\/business-coach-sales-landing-600x4214.jpg","category":["sales-funnel","lead-generation"],"page_builder":"elementor","steps":[{"ID":32554,"title":"Business Coach Landing","type":"landing","featured_image_url":"https:\/\/templates.cartflows.com\/elementor\/wp-content\/uploads\/sites\/2\/2021\/12\/business-coach-sales-landing.jpg","thumbnail_image_url":"https:\/\/templates.cartflows.com\/elementor\/wp-content\/uploads\/sites\/2\/2021\/12\/business-coach-sales-landing-600x4214.jpg","link":"https:\/\/templates.cartflows.com\/elementor\/business-coach-landing\/"},{"ID":32555,"title":"Business Coach Checkout","type":"checkout","featured_image_url":"https:\/\/templates.cartflows.com\/elementor\/wp-content\/uploads\/sites\/2\/2021\/12\/business-coach-checkout.jpg","thumbnail_image_url":"https:\/\/templates.cartflows.com\/elementor\/wp-content\/uploads\/sites\/2\/2021\/12\/business-coach-checkout-600x663.jpg","link":"https:\/\/templates.cartflows.com\/elementor\/business-coach-checkout\/"},{"ID":32556,"title":"Business Coach Thank you","type":"thankyou","featured_image_url":"https:\/\/templates.cartflows.com\/elementor\/wp-content\/uploads\/sites\/2\/2021\/12\/business-coach-thank-you.jpg","thumbnail_image_url":"https:\/\/templates.cartflows.com\/elementor\/wp-content\/uploads\/sites\/2\/2021\/12\/business-coach-thank-you-600x564.jpg","link":"https:\/\/templates.cartflows.com\/elementor\/business-coach-thank-you\/"}],"cartflows_flow_page_builder":[{"term_id":16,"name":"Elementor","slug":"elementor","term_group":0,"term_taxonomy_id":16,"taxonomy":"cartflows_flow_page_builder","description":"","parent":0,"count":55,"filter":"raw","term_order":"0"}],"cartflows_flow_category":[{"term_id":30,"name":"Sales Funnel","slug":"sales-funnel","term_group":0,"term_taxonomy_id":30,"taxonomy":"cartflows_flow_category","description":"","parent":0,"count":21,"filter":"raw","term_order":"0"},{"term_id":34,"name":"Lead Generation","slug":"lead-generation","term_group":0,"term_taxonomy_id":34,"taxonomy":"cartflows_flow_category","description":"","parent":0,"count":11,"filter":"raw","term_order":"0"}],"cartflows_flow_type":[{"term_id":27,"name":"Free","slug":"free","term_group":0,"term_taxonomy_id":27,"taxonomy":"cartflows_flow_type","description":"","parent":0,"count":28,"filter":"raw","term_order":"0"}]},{"ID":31904,"title":"Beauty Skincare","type":"pro","featured_image_url":"https:\/\/templates.cartflows.com\/elementor\/wp-content\/uploads\/sites\/2\/2021\/11\/beauty-skincare-sales-landing.jpg","thumbnail_image_url":"https:\/\/templates.cartflows.com\/elementor\/wp-content\/uploads\/sites\/2\/2021\/11\/beauty-skincare-sales-landing-600x2921.jpg","category":["product-landing","sales-funnel"],"page_builder":"elementor","steps":[{"ID":31905,"title":"Beauty Skincare Landing","type":"landing","featured_image_url":"https:\/\/templates.cartflows.com\/elementor\/wp-content\/uploads\/sites\/2\/2021\/11\/beauty-skincare-sales-landing.jpg","thumbnail_image_url":"https:\/\/templates.cartflows.com\/elementor\/wp-content\/uploads\/sites\/2\/2021\/11\/beauty-skincare-sales-landing-600x2921.jpg","link":"https:\/\/templates.cartflows.com\/elementor\/beauty-skincare-landing\/"},{"ID":31906,"title":"Beauty Skincare Checkout","type":"checkout","featured_image_url":"https:\/\/templates.cartflows.com\/elementor\/wp-content\/uploads\/sites\/2\/2021\/11\/beauty-skincare-checkout.jpg","thumbnail_image_url":"https:\/\/templates.cartflows.com\/elementor\/wp-content\/uploads\/sites\/2\/2021\/11\/beauty-skincare-checkout-596x800.jpg","link":"https:\/\/templates.cartflows.com\/elementor\/beauty-skincare-checkout\/"},{"ID":31911,"title":"Beauty Skincare Upsell","type":"upsell","featured_image_url":"https:\/\/templates.cartflows.com\/elementor\/wp-content\/uploads\/sites\/2\/2021\/11\/beauty-skincare-upsell.jpg","thumbnail_image_url":"https:\/\/templates.cartflows.com\/elementor\/wp-content\/uploads\/sites\/2\/2021\/11\/beauty-skincare-upsell-349x800.jpg","link":"https:\/\/templates.cartflows.com\/elementor\/beauty-skincare-upsell\/"},{"ID":31907,"title":"Beauty Skincare Thank you","type":"thankyou","featured_image_url":"https:\/\/templates.cartflows.com\/elementor\/wp-content\/uploads\/sites\/2\/2021\/11\/beauty-skincare-thank-you.jpg","thumbnail_image_url":"https:\/\/templates.cartflows.com\/elementor\/wp-content\/uploads\/sites\/2\/2021\/11\/beauty-skincare-thank-you-355x800.jpg","link":"https:\/\/templates.cartflows.com\/elementor\/beauty-skincare-thank-you\/"}],"cartflows_flow_page_builder":[{"term_id":16,"name":"Elementor","slug":"elementor","term_group":0,"term_taxonomy_id":16,"taxonomy":"cartflows_flow_page_builder","description":"","parent":0,"count":55,"filter":"raw","term_order":"0"}],"cartflows_flow_category":[{"term_id":28,"name":"Product Landing","slug":"product-landing","term_group":0,"term_taxonomy_id":28,"taxonomy":"cartflows_flow_category","description":"","parent":0,"count":27,"filter":"raw","term_order":"0"},{"term_id":30,"name":"Sales Funnel","slug":"sales-funnel","term_group":0,"term_taxonomy_id":30,"taxonomy":"cartflows_flow_category","description":"","parent":0,"count":21,"filter":"raw","term_order":"0"}],"cartflows_flow_type":[{"term_id":29,"name":"Pro","slug":"pro","term_group":0,"term_taxonomy_id":29,"taxonomy":"cartflows_flow_type","description":"","parent":0,"count":27,"filter":"raw","term_order":"0"}]},{"ID":31692,"title":"Organic Oil","type":"pro","featured_image_url":"https:\/\/templates.cartflows.com\/elementor\/wp-content\/uploads\/sites\/2\/2021\/11\/organic-oil-sales-landing.jpg","thumbnail_image_url":"https:\/\/templates.cartflows.com\/elementor\/wp-content\/uploads\/sites\/2\/2021\/11\/organic-oil-sales-landing-600x2480.jpg","category":["product-landing","sales-funnel"],"page_builder":"elementor","steps":[{"ID":31693,"title":"Organic Oil Sales Landing","type":"landing","featured_image_url":"https:\/\/templates.cartflows.com\/elementor\/wp-content\/uploads\/sites\/2\/2021\/11\/organic-oil-sales-landing.jpg","thumbnail_image_url":"https:\/\/templates.cartflows.com\/elementor\/wp-content\/uploads\/sites\/2\/2021\/11\/organic-oil-sales-landing-600x2480.jpg","link":"https:\/\/templates.cartflows.com\/elementor\/organic-oil-sales-landing\/"},{"ID":31694,"title":"Organic Oil Checkout","type":"checkout","featured_image_url":"https:\/\/templates.cartflows.com\/elementor\/wp-content\/uploads\/sites\/2\/2021\/11\/organic-oil-checkout.jpg","thumbnail_image_url":"https:\/\/templates.cartflows.com\/elementor\/wp-content\/uploads\/sites\/2\/2021\/11\/organic-oil-checkout-403x800.jpg","link":"https:\/\/templates.cartflows.com\/elementor\/organic-oil-checkout\/"},{"ID":31700,"title":"Organic Oil Upsell","type":"upsell","featured_image_url":"https:\/\/templates.cartflows.com\/elementor\/wp-content\/uploads\/sites\/2\/2021\/11\/organic-oil-upsell.jpg","thumbnail_image_url":"https:\/\/templates.cartflows.com\/elementor\/wp-content\/uploads\/sites\/2\/2021\/11\/organic-oil-upsell-600x463.jpg","link":"https:\/\/templates.cartflows.com\/elementor\/organic-oil-upsell\/"},{"ID":31695,"title":"Organic Oil Thank You","type":"thankyou","featured_image_url":"https:\/\/templates.cartflows.com\/elementor\/wp-content\/uploads\/sites\/2\/2021\/11\/organic-oil-thank-you.jpg","thumbnail_image_url":"https:\/\/templates.cartflows.com\/elementor\/wp-content\/uploads\/sites\/2\/2021\/11\/organic-oil-thank-you-377x800.jpg","link":"https:\/\/templates.cartflows.com\/elementor\/organic-oil-thank-you\/"}],"cartflows_flow_page_builder":[{"term_id":16,"name":"Elementor","slug":"elementor","term_group":0,"term_taxonomy_id":16,"taxonomy":"cartflows_flow_page_builder","description":"","parent":0,"count":55,"filter":"raw","term_order":"0"}],"cartflows_flow_category":[{"term_id":28,"name":"Product Landing","slug":"product-landing","term_group":0,"term_taxonomy_id":28,"taxonomy":"cartflows_flow_category","description":"","parent":0,"count":27,"filter":"raw","term_order":"0"},{"term_id":30,"name":"Sales Funnel","slug":"sales-funnel","term_group":0,"term_taxonomy_id":30,"taxonomy":"cartflows_flow_category","description":"","parent":0,"count":21,"filter":"raw","term_order":"0"}],"cartflows_flow_type":[{"term_id":29,"name":"Pro","slug":"pro","term_group":0,"term_taxonomy_id":29,"taxonomy":"cartflows_flow_type","description":"","parent":0,"count":27,"filter":"raw","term_order":"0"}]},{"ID":30832,"title":"Online Workshop","type":"free","featured_image_url":"https:\/\/templates.cartflows.com\/elementor\/wp-content\/uploads\/sites\/2\/2021\/11\/online-workshop-optin.jpg","thumbnail_image_url":"https:\/\/templates.cartflows.com\/elementor\/wp-content\/uploads\/sites\/2\/2021\/11\/online-workshop-optin-600x3669.jpg","category":["lead-generation"],"page_builder":"elementor","steps":[{"ID":30836,"title":"Online Workshop Optin","type":"optin","featured_image_url":"https:\/\/templates.cartflows.com\/elementor\/wp-content\/uploads\/sites\/2\/2021\/11\/online-workshop-optin.jpg","thumbnail_image_url":"https:\/\/templates.cartflows.com\/elementor\/wp-content\/uploads\/sites\/2\/2021\/11\/online-workshop-optin-600x3669.jpg","link":"https:\/\/templates.cartflows.com\/elementor\/online-workshop-optin\/"},{"ID":31303,"title":"Online Workshop Thank you","type":"thankyou","featured_image_url":"https:\/\/templates.cartflows.com\/elementor\/wp-content\/uploads\/sites\/2\/2021\/11\/online-workshop-thank-you.jpg","thumbnail_image_url":"https:\/\/templates.cartflows.com\/elementor\/wp-content\/uploads\/sites\/2\/2021\/11\/online-workshop-thank-you-600x341.jpg","link":"https:\/\/templates.cartflows.com\/elementor\/online-workshop-thank-you\/"}],"cartflows_flow_page_builder":[{"term_id":16,"name":"Elementor","slug":"elementor","term_group":0,"term_taxonomy_id":16,"taxonomy":"cartflows_flow_page_builder","description":"","parent":0,"count":55,"filter":"raw","term_order":"0"}],"cartflows_flow_category":[{"term_id":34,"name":"Lead Generation","slug":"lead-generation","term_group":0,"term_taxonomy_id":34,"taxonomy":"cartflows_flow_category","description":"","parent":0,"count":11,"filter":"raw","term_order":"0"}],"cartflows_flow_type":[{"term_id":27,"name":"Free","slug":"free","term_group":0,"term_taxonomy_id":27,"taxonomy":"cartflows_flow_type","description":"","parent":0,"count":28,"filter":"raw","term_order":"0"}]},{"ID":20092,"title":"Music Album","type":"free","featured_image_url":"https:\/\/templates.cartflows.com\/elementor\/wp-content\/uploads\/sites\/2\/2020\/07\/music-album-landing-page.jpg","thumbnail_image_url":"https:\/\/templates.cartflows.com\/elementor\/wp-content\/uploads\/sites\/2\/2020\/07\/music-album-landing-page-362x800.jpg","category":["product-landing"],"page_builder":"elementor","steps":[{"ID":20094,"title":"Music Album Landing Page","type":"landing","featured_image_url":"https:\/\/templates.cartflows.com\/elementor\/wp-content\/uploads\/sites\/2\/2020\/07\/music-album-landing-page.jpg","thumbnail_image_url":"https:\/\/templates.cartflows.com\/elementor\/wp-content\/uploads\/sites\/2\/2020\/07\/music-album-landing-page-362x800.jpg","link":"https:\/\/templates.cartflows.com\/elementor\/music-album-landing-page\/"},{"ID":20105,"title":"Music Album Checkout","type":"checkout","featured_image_url":"https:\/\/templates.cartflows.com\/elementor\/wp-content\/uploads\/sites\/2\/2020\/07\/music-album-checkout.jpg","thumbnail_image_url":"https:\/\/templates.cartflows.com\/elementor\/wp-content\/uploads\/sites\/2\/2020\/07\/music-album-checkout-600x441.jpg","link":"https:\/\/templates.cartflows.com\/elementor\/music-album-checkout\/"},{"ID":20109,"title":"Music Album Thank You","type":"thankyou","featured_image_url":"https:\/\/templates.cartflows.com\/elementor\/wp-content\/uploads\/sites\/2\/2020\/07\/music-album-thankyou.jpg","thumbnail_image_url":"https:\/\/templates.cartflows.com\/elementor\/wp-content\/uploads\/sites\/2\/2020\/07\/music-album-thankyou-600x416.jpg","link":"https:\/\/templates.cartflows.com\/elementor\/music-album-thank-you\/"}],"cartflows_flow_page_builder":[{"term_id":16,"name":"Elementor","slug":"elementor","term_group":0,"term_taxonomy_id":16,"taxonomy":"cartflows_flow_page_builder","description":"","parent":0,"count":55,"filter":"raw","term_order":"0"}],"cartflows_flow_category":[{"term_id":28,"name":"Product Landing","slug":"product-landing","term_group":0,"term_taxonomy_id":28,"taxonomy":"cartflows_flow_category","description":"","parent":0,"count":27,"filter":"raw","term_order":"0"}],"cartflows_flow_type":[{"term_id":27,"name":"Free","slug":"free","term_group":0,"term_taxonomy_id":27,"taxonomy":"cartflows_flow_type","description":"","parent":0,"count":28,"filter":"raw","term_order":"0"}]},{"ID":20073,"title":"Email Marketing Course","type":"pro","featured_image_url":"https:\/\/templates.cartflows.com\/elementor\/wp-content\/uploads\/sites\/2\/2020\/07\/email-marketing-lead.jpg","thumbnail_image_url":"https:\/\/templates.cartflows.com\/elementor\/wp-content\/uploads\/sites\/2\/2020\/07\/email-marketing-lead-407x800.jpg","category":["lead-generation"],"page_builder":"elementor","steps":[{"ID":20075,"title":"Email Marketing Free Course","type":"optin","featured_image_url":"https:\/\/templates.cartflows.com\/elementor\/wp-content\/uploads\/sites\/2\/2020\/07\/email-marketing-lead.jpg","thumbnail_image_url":"https:\/\/templates.cartflows.com\/elementor\/wp-content\/uploads\/sites\/2\/2020\/07\/email-marketing-lead-407x800.jpg","link":"https:\/\/templates.cartflows.com\/elementor\/email-marketing-lead\/"},{"ID":20082,"title":"Email Marketing Full Access","type":"checkout","featured_image_url":"https:\/\/templates.cartflows.com\/elementor\/wp-content\/uploads\/sites\/2\/2020\/07\/email-marketing-checkout-1.jpg","thumbnail_image_url":"https:\/\/templates.cartflows.com\/elementor\/wp-content\/uploads\/sites\/2\/2020\/07\/email-marketing-checkout-1-242x800.jpg","link":"https:\/\/templates.cartflows.com\/elementor\/email-marketing-checkout\/"},{"ID":20089,"title":"Email Marketing Thank You","type":"thankyou","featured_image_url":"https:\/\/templates.cartflows.com\/elementor\/wp-content\/uploads\/sites\/2\/2020\/07\/email-marketing-thankyou.jpg","thumbnail_image_url":"https:\/\/templates.cartflows.com\/elementor\/wp-content\/uploads\/sites\/2\/2020\/07\/email-marketing-thankyou-600x673.jpg","link":"https:\/\/templates.cartflows.com\/elementor\/email-marketing-thank-you\/"}],"cartflows_flow_page_builder":[{"term_id":16,"name":"Elementor","slug":"elementor","term_group":0,"term_taxonomy_id":16,"taxonomy":"cartflows_flow_page_builder","description":"","parent":0,"count":55,"filter":"raw","term_order":"0"}],"cartflows_flow_category":[{"term_id":34,"name":"Lead Generation","slug":"lead-generation","term_group":0,"term_taxonomy_id":34,"taxonomy":"cartflows_flow_category","description":"","parent":0,"count":11,"filter":"raw","term_order":"0"}],"cartflows_flow_type":[{"term_id":29,"name":"Pro","slug":"pro","term_group":0,"term_taxonomy_id":29,"taxonomy":"cartflows_flow_type","description":"","parent":0,"count":27,"filter":"raw","term_order":"0"}]},{"ID":20029,"title":"Photoshop Tutorial","type":"pro","featured_image_url":"https:\/\/templates.cartflows.com\/elementor\/wp-content\/uploads\/sites\/2\/2020\/07\/learn-photoshop-optin-01.jpg","thumbnail_image_url":"https:\/\/templates.cartflows.com\/elementor\/wp-content\/uploads\/sites\/2\/2020\/07\/learn-photoshop-optin-01-600x2522.jpg","category":["sales-funnel","tripwire-funnel"],"page_builder":"elementor","steps":[{"ID":20031,"title":"Learn Photoshop","type":"optin","featured_image_url":"https:\/\/templates.cartflows.com\/elementor\/wp-content\/uploads\/sites\/2\/2020\/07\/learn-photoshop-optin.jpg","thumbnail_image_url":"https:\/\/templates.cartflows.com\/elementor\/wp-content\/uploads\/sites\/2\/2020\/07\/learn-photoshop-optin-194x800.jpg","link":"https:\/\/templates.cartflows.com\/elementor\/learn-photoshop\/"},{"ID":20048,"title":"Learn Photoshop Checkout","type":"checkout","featured_image_url":"https:\/\/templates.cartflows.com\/elementor\/wp-content\/uploads\/sites\/2\/2020\/07\/learn-photoshop-checkout-1.jpg","thumbnail_image_url":"https:\/\/templates.cartflows.com\/elementor\/wp-content\/uploads\/sites\/2\/2020\/07\/learn-photoshop-checkout-1-194x800.jpg","link":"https:\/\/templates.cartflows.com\/elementor\/learn-photoshop-checkout\/"},{"ID":20067,"title":"Learn Photoshop Upsell","type":"upsell","featured_image_url":"https:\/\/templates.cartflows.com\/elementor\/wp-content\/uploads\/sites\/2\/2020\/07\/learn-photoshop-upsell.jpg","thumbnail_image_url":"https:\/\/templates.cartflows.com\/elementor\/wp-content\/uploads\/sites\/2\/2020\/07\/learn-photoshop-upsell-600x704.jpg","link":"https:\/\/templates.cartflows.com\/elementor\/learn-photoshop-upsell\/"},{"ID":20070,"title":"Learn Photoshop Thank You","type":"thankyou","featured_image_url":"https:\/\/templates.cartflows.com\/elementor\/wp-content\/uploads\/sites\/2\/2020\/07\/learn-photoshop-thankyou.jpg","thumbnail_image_url":"https:\/\/templates.cartflows.com\/elementor\/wp-content\/uploads\/sites\/2\/2020\/07\/learn-photoshop-thankyou-600x502.jpg","link":"https:\/\/templates.cartflows.com\/elementor\/learn-photoshop-thank-you-2\/"}],"cartflows_flow_page_builder":[{"term_id":16,"name":"Elementor","slug":"elementor","term_group":0,"term_taxonomy_id":16,"taxonomy":"cartflows_flow_page_builder","description":"","parent":0,"count":55,"filter":"raw","term_order":"0"}],"cartflows_flow_category":[{"term_id":30,"name":"Sales Funnel","slug":"sales-funnel","term_group":0,"term_taxonomy_id":30,"taxonomy":"cartflows_flow_category","description":"","parent":0,"count":21,"filter":"raw","term_order":"0"},{"term_id":35,"name":"Tripwire Funnel","slug":"tripwire-funnel","term_group":0,"term_taxonomy_id":35,"taxonomy":"cartflows_flow_category","description":"","parent":0,"count":2,"filter":"raw","term_order":"0"}],"cartflows_flow_type":[{"term_id":29,"name":"Pro","slug":"pro","term_group":0,"term_taxonomy_id":29,"taxonomy":"cartflows_flow_type","description":"","parent":0,"count":27,"filter":"raw","term_order":"0"}]}]
