[{"ID":39174,"title":"SEO Foundation E-book","type":"free","featured_image_url":"https://templates.cartflows.com/gutenberg/wp-content/uploads/sites/4/2023/02/seo-foundation-ebook-sales-landing-03.jpg","thumbnail_image_url":"https://templates.cartflows.com/gutenberg/wp-content/uploads/sites/4/2023/02/seo-foundation-ebook-sales-landing-03-600x2790.jpg","category":["sales-funnel","product-landing"],"page_builder":"gutenberg","steps":[{"ID":39175,"title":"SEO Foundation Ebook Sales Landing","type":"landing","featured_image_url":"https://templates.cartflows.com/gutenberg/wp-content/uploads/sites/4/2023/02/seo-foundation-ebook-sales-landing-03.jpg","thumbnail_image_url":"https://templates.cartflows.com/gutenberg/wp-content/uploads/sites/4/2023/02/seo-foundation-ebook-sales-landing-03-600x2790.jpg","link":"https://templates.cartflows.com/gutenberg/seo-foundation-ebook-sales-landing-03/"},{"ID":39176,"title":"SEO Foundation Ebook Checkout","type":"checkout","featured_image_url":"https://templates.cartflows.com/gutenberg/wp-content/uploads/sites/4/2023/02/seo-foundation-ebook-checkout-03.jpg","thumbnail_image_url":"https://templates.cartflows.com/gutenberg/wp-content/uploads/sites/4/2023/02/seo-foundation-ebook-checkout-03-600x603.jpg","link":"https://templates.cartflows.com/gutenberg/seo-foundation-ebook-checkout-03/"},{"ID":39177,"title":"SEO Foundation Ebook Thank You","type":"thankyou","featured_image_url":"https://templates.cartflows.com/gutenberg/wp-content/uploads/sites/4/2023/02/seo-foundation-ebook-thank-you-03.jpg","thumbnail_image_url":"https://templates.cartflows.com/gutenberg/wp-content/uploads/sites/4/2023/02/seo-foundation-ebook-thank-you-03-600x641.jpg","link":"https://templates.cartflows.com/gutenberg/seo-foundation-ebook-thank-you-03/"}],"cartflows_flow_page_builder":[{"term_id":32,"name":"Gutenberg","slug":"gutenberg","term_group":0,"term_taxonomy_id":32,"taxonomy":"cartflows_flow_page_builder","description":"","parent":0,"count":51,"filter":"raw","term_order":"0"}],"cartflows_flow_category":[{"term_id":30,"name":"Sales Funnel","slug":"sales-funnel","term_group":0,"term_taxonomy_id":30,"taxonomy":"cartflows_flow_category","description":"","parent":0,"count":18,"filter":"raw","term_order":"0"},{"term_id":28,"name":"Product Landing","slug":"product-landing","term_group":0,"term_taxonomy_id":28,"taxonomy":"cartflows_flow_category","description":"","parent":0,"count":23,"filter":"raw","term_order":"0"}],"cartflows_flow_type":[{"term_id":27,"name":"Free","slug":"free","term_group":0,"term_taxonomy_id":27,"taxonomy":"cartflows_flow_type","description":"","parent":0,"count":30,"filter":"raw","term_order":"0"}]},{"ID":38831,"title":"Online Workshop","type":"free","featured_image_url":"https://templates.cartflows.com/gutenberg/wp-content/uploads/sites/4/2023/01/online-workshop-optin-03.jpg","thumbnail_image_url":"https://templates.cartflows.com/gutenberg/wp-content/uploads/sites/4/2023/01/online-workshop-optin-03-600x3689.jpg","category":["lead-generation"],"page_builder":"gutenberg","steps":[{"ID":38835,"title":"Online Workshop Optin","type":"optin","featured_image_url":"https://templates.cartflows.com/gutenberg/wp-content/uploads/sites/4/2023/01/online-workshop-optin-03.jpg","thumbnail_image_url":"https://templates.cartflows.com/gutenberg/wp-content/uploads/sites/4/2023/01/online-workshop-optin-03-600x3689.jpg","link":"https://templates.cartflows.com/gutenberg/online-workshop-optin-03/"},{"ID":38834,"title":"Online Workshop Thank you","type":"thankyou","featured_image_url":"https://templates.cartflows.com/gutenberg/wp-content/uploads/sites/4/2023/01/online-workshop-thank-you-03.jpg","thumbnail_image_url":"https://templates.cartflows.com/gutenberg/wp-content/uploads/sites/4/2023/01/online-workshop-thank-you-03-600x423.jpg","link":"https://templates.cartflows.com/gutenberg/online-workshop-thank-you-03/"}],"cartflows_flow_page_builder":[{"term_id":32,"name":"Gutenberg","slug":"gutenberg","term_group":0,"term_taxonomy_id":32,"taxonomy":"cartflows_flow_page_builder","description":"","parent":0,"count":51,"filter":"raw","term_order":"0"}],"cartflows_flow_category":[{"term_id":34,"name":"Lead Generation","slug":"lead-generation","term_group":0,"term_taxonomy_id":34,"taxonomy":"cartflows_flow_category","description":"","parent":0,"count":7,"filter":"raw","term_order":"0"}],"cartflows_flow_type":[{"term_id":27,"name":"Free","slug":"free","term_group":0,"term_taxonomy_id":27,"taxonomy":"cartflows_flow_type","description":"","parent":0,"count":30,"filter":"raw","term_order":"0"}]},{"ID":37598,"title":"Business Coach","type":"free","featured_image_url":"https://templates.cartflows.com/gutenberg/wp-content/uploads/sites/4/2023/01/business-coach-landing-03.jpg","thumbnail_image_url":"https://templates.cartflows.com/gutenberg/wp-content/uploads/sites/4/2023/01/business-coach-landing-03-600x4185.jpg","category":["sales-funnel","lead-generation"],"page_builder":"gutenberg","steps":[{"ID":37599,"title":"Business Coach Landing","type":"landing","featured_image_url":"https://templates.cartflows.com/gutenberg/wp-content/uploads/sites/4/2023/01/businesss-coach-landing-03.jpg","thumbnail_image_url":"https://templates.cartflows.com/gutenberg/wp-content/uploads/sites/4/2023/01/businesss-coach-landing-03-600x4185.jpg","link":"https://templates.cartflows.com/gutenberg/business-coach-landing-03/"},{"ID":37600,"title":"Business Coach Checkout","type":"checkout","featured_image_url":"https://templates.cartflows.com/gutenberg/wp-content/uploads/sites/4/2023/01/business-coach-checkout-03.jpg","thumbnail_image_url":"https://templates.cartflows.com/gutenberg/wp-content/uploads/sites/4/2023/01/business-coach-checkout-03-600x815.jpg","link":"https://templates.cartflows.com/gutenberg/business-coach-checkout-03/"},{"ID":37601,"title":"Business Coach Thank you","type":"thankyou","featured_image_url":"https://templates.cartflows.com/gutenberg/wp-content/uploads/sites/4/2023/01/business-coach-thank-you-03.jpg","thumbnail_image_url":"https://templates.cartflows.com/gutenberg/wp-content/uploads/sites/4/2023/01/business-coach-thank-you-03-600x582.jpg","link":"https://templates.cartflows.com/gutenberg/business-coach-thank-you-03/"}],"cartflows_flow_page_builder":[{"term_id":32,"name":"Gutenberg","slug":"gutenberg","term_group":0,"term_taxonomy_id":32,"taxonomy":"cartflows_flow_page_builder","description":"","parent":0,"count":51,"filter":"raw","term_order":"0"}],"cartflows_flow_category":[{"term_id":30,"name":"Sales Funnel","slug":"sales-funnel","term_group":0,"term_taxonomy_id":30,"taxonomy":"cartflows_flow_category","description":"","parent":0,"count":18,"filter":"raw","term_order":"0"},{"term_id":34,"name":"Lead Generation","slug":"lead-generation","term_group":0,"term_taxonomy_id":34,"taxonomy":"cartflows_flow_category","description":"","parent":0,"count":7,"filter":"raw","term_order":"0"}],"cartflows_flow_type":[{"term_id":27,"name":"Free","slug":"free","term_group":0,"term_taxonomy_id":27,"taxonomy":"cartflows_flow_type","description":"","parent":0,"count":30,"filter":"raw","term_order":"0"}]},{"ID":37340,"title":"Business Consultant","type":"free","featured_image_url":"https://templates.cartflows.com/gutenberg/wp-content/uploads/sites/4/2023/01/business-consultant-sales-landing-03.jpg","thumbnail_image_url":"https://templates.cartflows.com/gutenberg/wp-content/uploads/sites/4/2023/01/business-consultant-sales-landing-03-600x5205.jpg","category":["product-landing"],"page_builder":"gutenberg","steps":[{"ID":37341,"title":"Business Consultant Sales Landing","type":"landing","featured_image_url":"https://templates.cartflows.com/gutenberg/wp-content/uploads/sites/4/2023/01/business-consultant-sales-landing-03.jpg","thumbnail_image_url":"https://templates.cartflows.com/gutenberg/wp-content/uploads/sites/4/2023/01/business-consultant-sales-landing-03-600x5205.jpg","link":"https://templates.cartflows.com/gutenberg/business-consultant-sales-landing-03/"},{"ID":37342,"title":"Business Consultant Checkout","type":"checkout","featured_image_url":"https://templates.cartflows.com/gutenberg/wp-content/uploads/sites/4/2023/01/business-consultant-checkout-03.jpg","thumbnail_image_url":"https://templates.cartflows.com/gutenberg/wp-content/uploads/sites/4/2023/01/business-consultant-checkout-03-600x1395.jpg","link":"https://templates.cartflows.com/gutenberg/business-consultant-checkout-03/"},{"ID":37343,"title":"Business Consultant Thank You","type":"thankyou","featured_image_url":"https://templates.cartflows.com/gutenberg/wp-content/uploads/sites/4/2023/01/business-consultant-thank-you-03.jpg","thumbnail_image_url":"https://templates.cartflows.com/gutenberg/wp-content/uploads/sites/4/2023/01/business-consultant-thank-you-03-600x547.jpg","link":"https://templates.cartflows.com/gutenberg/business-consultant-thank-you-03/"}],"cartflows_flow_page_builder":[{"term_id":32,"name":"Gutenberg","slug":"gutenberg","term_group":0,"term_taxonomy_id":32,"taxonomy":"cartflows_flow_page_builder","description":"","parent":0,"count":51,"filter":"raw","term_order":"0"}],"cartflows_flow_category":[{"term_id":28,"name":"Product Landing","slug":"product-landing","term_group":0,"term_taxonomy_id":28,"taxonomy":"cartflows_flow_category","description":"","parent":0,"count":23,"filter":"raw","term_order":"0"}],"cartflows_flow_type":[{"term_id":27,"name":"Free","slug":"free","term_group":0,"term_taxonomy_id":27,"taxonomy":"cartflows_flow_type","description":"","parent":0,"count":30,"filter":"raw","term_order":"0"}]},{"ID":36703,"title":"Online Yoga Course","type":"free","featured_image_url":"https://templates.cartflows.com/gutenberg/wp-content/uploads/sites/4/2023/01/online-yoga-course-optin-03.jpg","thumbnail_image_url":"https://templates.cartflows.com/gutenberg/wp-content/uploads/sites/4/2023/01/online-yoga-course-optin-03-600x2721.jpg","category":["sales-funnel","lead-generation"],"page_builder":"gutenberg","steps":[{"ID":36707,"title":"Online Yoga Course Optin","type":"optin","featured_image_url":"https://templates.cartflows.com/gutenberg/wp-content/uploads/sites/4/2023/01/online-yoga-course-optin-03.jpg","thumbnail_image_url":"https://templates.cartflows.com/gutenberg/wp-content/uploads/sites/4/2023/01/online-yoga-course-optin-03-600x2721.jpg","link":"https://templates.cartflows.com/gutenberg/online-yoga-course-optin-03/"},{"ID":36705,"title":"Online Yoga Course Checkout","type":"checkout","featured_image_url":"https://templates.cartflows.com/gutenberg/wp-content/uploads/sites/4/2023/01/online-yoga-course-checkout-03.jpg","thumbnail_image_url":"https://templates.cartflows.com/gutenberg/wp-content/uploads/sites/4/2023/01/online-yoga-course-checkout-03-600x2865.jpg","link":"https://templates.cartflows.com/gutenberg/online-yoga-course-checkout-03/"},{"ID":36706,"title":"Online Yoga Course Thank you","type":"thankyou","featured_image_url":"https://templates.cartflows.com/gutenberg/wp-content/uploads/sites/4/2023/01/online-yoga-course-thank-you-03.jpg","thumbnail_image_url":"https://templates.cartflows.com/gutenberg/wp-content/uploads/sites/4/2023/01/online-yoga-course-thank-you-03-600x709.jpg","link":"https://templates.cartflows.com/gutenberg/online-yoga-course-thank-you-03/"}],"cartflows_flow_page_builder":[{"term_id":32,"name":"Gutenberg","slug":"gutenberg","term_group":0,"term_taxonomy_id":32,"taxonomy":"cartflows_flow_page_builder","description":"","parent":0,"count":51,"filter":"raw","term_order":"0"}],"cartflows_flow_category":[{"term_id":30,"name":"Sales Funnel","slug":"sales-funnel","term_group":0,"term_taxonomy_id":30,"taxonomy":"cartflows_flow_category","description":"","parent":0,"count":18,"filter":"raw","term_order":"0"},{"term_id":34,"name":"Lead Generation","slug":"lead-generation","term_group":0,"term_taxonomy_id":34,"taxonomy":"cartflows_flow_category","description":"","parent":0,"count":7,"filter":"raw","term_order":"0"}],"cartflows_flow_type":[{"term_id":27,"name":"Free","slug":"free","term_group":0,"term_taxonomy_id":27,"taxonomy":"cartflows_flow_type","description":"","parent":0,"count":30,"filter":"raw","term_order":"0"}]},{"ID":36484,"title":"In-person Online Course Registration","type":"free","featured_image_url":"https://templates.cartflows.com/gutenberg/wp-content/uploads/sites/4/2023/01/online-course-inperson-sales-landing-03.jpg","thumbnail_image_url":"https://templates.cartflows.com/gutenberg/wp-content/uploads/sites/4/2023/01/online-course-inperson-sales-landing-03-600x3234.jpg","category":["lead-generation"],"page_builder":"gutenberg","steps":[{"ID":36485,"title":"Online Course Inperson Sales Landing","type":"landing","featured_image_url":"https://templates.cartflows.com/gutenberg/wp-content/uploads/sites/4/2023/01/online-course-inperson-sales-landing-03.jpg","thumbnail_image_url":"https://templates.cartflows.com/gutenberg/wp-content/uploads/sites/4/2023/01/online-course-inperson-sales-landing-03-600x3234.jpg","link":"https://templates.cartflows.com/gutenberg/online-course-inperson-sales-landing-03/"},{"ID":36486,"title":"Online Course Inperson Checkout","type":"checkout","featured_image_url":"https://templates.cartflows.com/gutenberg/wp-content/uploads/sites/4/2023/01/online-course-inperson-checkout-03.jpg","thumbnail_image_url":"https://templates.cartflows.com/gutenberg/wp-content/uploads/sites/4/2023/01/online-course-inperson-checkout-03-600x1469.jpg","link":"https://templates.cartflows.com/gutenberg/online-course-inperson-checkout-03/"},{"ID":36487,"title":"Online Course Inperson Thank you","type":"thankyou","featured_image_url":"https://templates.cartflows.com/gutenberg/wp-content/uploads/sites/4/2023/01/online-course-inperson-thank-you-03.jpg","thumbnail_image_url":"https://templates.cartflows.com/gutenberg/wp-content/uploads/sites/4/2023/01/online-course-inperson-thank-you-03-600x530.jpg","link":"https://templates.cartflows.com/gutenberg/online-course-inperson-thank-you-03/"}],"cartflows_flow_page_builder":[{"term_id":32,"name":"Gutenberg","slug":"gutenberg","term_group":0,"term_taxonomy_id":32,"taxonomy":"cartflows_flow_page_builder","description":"","parent":0,"count":51,"filter":"raw","term_order":"0"}],"cartflows_flow_category":[{"term_id":34,"name":"Lead Generation","slug":"lead-generation","term_group":0,"term_taxonomy_id":34,"taxonomy":"cartflows_flow_category","description":"","parent":0,"count":7,"filter":"raw","term_order":"0"}],"cartflows_flow_type":[{"term_id":27,"name":"Free","slug":"free","term_group":0,"term_taxonomy_id":27,"taxonomy":"cartflows_flow_type","description":"","parent":0,"count":30,"filter":"raw","term_order":"0"}]},{"ID":35734,"title":"Digital Marketing Guide","type":"free","featured_image_url":"https://templates.cartflows.com/gutenberg/wp-content/uploads/sites/4/2023/01/digital-marketing-guide-checkout-03.jpg","thumbnail_image_url":"https://templates.cartflows.com/gutenberg/wp-content/uploads/sites/4/2023/01/digital-marketing-guide-checkout-03-600x3220.jpg","category":["product-landing"],"page_builder":"gutenberg","steps":[{"ID":35736,"title":"Digital Marketing Guide Checkout","type":"checkout","featured_image_url":"https://templates.cartflows.com/gutenberg/wp-content/uploads/sites/4/2023/01/digital-marketing-guide-checkout-03.jpg","thumbnail_image_url":"https://templates.cartflows.com/gutenberg/wp-content/uploads/sites/4/2023/01/digital-marketing-guide-checkout-03-600x3220.jpg","link":"https://templates.cartflows.com/gutenberg/digital-marketing-guide-checkout-03/"},{"ID":35737,"title":"Digital Marketing Guide Thank You","type":"thankyou","featured_image_url":"https://templates.cartflows.com/gutenberg/wp-content/uploads/sites/4/2023/01/digital-marketing-guide-thank-you-03.jpg","thumbnail_image_url":"https://templates.cartflows.com/gutenberg/wp-content/uploads/sites/4/2023/01/digital-marketing-guide-thank-you-03-600x537.jpg","link":"https://templates.cartflows.com/gutenberg/digital-marketing-guide-thank-you-03/"}],"cartflows_flow_page_builder":[{"term_id":32,"name":"Gutenberg","slug":"gutenberg","term_group":0,"term_taxonomy_id":32,"taxonomy":"cartflows_flow_page_builder","description":"","parent":0,"count":51,"filter":"raw","term_order":"0"}],"cartflows_flow_category":[{"term_id":28,"name":"Product Landing","slug":"product-landing","term_group":0,"term_taxonomy_id":28,"taxonomy":"cartflows_flow_category","description":"","parent":0,"count":23,"filter":"raw","term_order":"0"}],"cartflows_flow_type":[{"term_id":27,"name":"Free","slug":"free","term_group":0,"term_taxonomy_id":27,"taxonomy":"cartflows_flow_type","description":"","parent":0,"count":30,"filter":"raw","term_order":"0"}]},{"ID":35169,"title":"Pet Food","type":"free","featured_image_url":"https://templates.cartflows.com/gutenberg/wp-content/uploads/sites/4/2022/12/pet-food-sales-landing-03.jpg","thumbnail_image_url":"https://templates.cartflows.com/gutenberg/wp-content/uploads/sites/4/2022/12/pet-food-sales-landing-03-600x2075.jpg","category":["product-landing"],"page_builder":"gutenberg","steps":[{"ID":35170,"title":"Pet Food Sales Landing","type":"landing","featured_image_url":"https://templates.cartflows.com/gutenberg/wp-content/uploads/sites/4/2022/12/pet-food-sales-landing-03.jpg","thumbnail_image_url":"https://templates.cartflows.com/gutenberg/wp-content/uploads/sites/4/2022/12/pet-food-sales-landing-03-600x2075.jpg","link":"https://templates.cartflows.com/gutenberg/pet-food-sales-landing-03/"},{"ID":35171,"title":"Pet Food Checkout","type":"checkout","featured_image_url":"https://templates.cartflows.com/gutenberg/wp-content/uploads/sites/4/2022/12/pet-food-checkout-03.jpg","thumbnail_image_url":"https://templates.cartflows.com/gutenberg/wp-content/uploads/sites/4/2022/12/pet-food-checkout-03-600x1303.jpg","link":"https://templates.cartflows.com/gutenberg/pet-food-checkout-03/"},{"ID":35172,"title":"Pet Food Thank You","type":"thankyou","featured_image_url":"https://templates.cartflows.com/gutenberg/wp-content/uploads/sites/4/2022/12/pet-food-thank-you-03.jpg","thumbnail_image_url":"https://templates.cartflows.com/gutenberg/wp-content/uploads/sites/4/2022/12/pet-food-thank-you-03-600x599.jpg","link":"https://templates.cartflows.com/gutenberg/pet-food-thank-you-03/"}],"cartflows_flow_page_builder":[{"term_id":32,"name":"Gutenberg","slug":"gutenberg","term_group":0,"term_taxonomy_id":32,"taxonomy":"cartflows_flow_page_builder","description":"","parent":0,"count":51,"filter":"raw","term_order":"0"}],"cartflows_flow_category":[{"term_id":28,"name":"Product Landing","slug":"product-landing","term_group":0,"term_taxonomy_id":28,"taxonomy":"cartflows_flow_category","description":"","parent":0,"count":23,"filter":"raw","term_order":"0"}],"cartflows_flow_type":[{"term_id":27,"name":"Free","slug":"free","term_group":0,"term_taxonomy_id":27,"taxonomy":"cartflows_flow_type","description":"","parent":0,"count":30,"filter":"raw","term_order":"0"}]},{"ID":34558,"title":"Whey Protein","type":"pro","featured_image_url":"https://templates.cartflows.com/gutenberg/wp-content/uploads/sites/4/2022/12/whey-protein-sales-landing-03.jpg","thumbnail_image_url":"https://templates.cartflows.com/gutenberg/wp-content/uploads/sites/4/2022/12/whey-protein-sales-landing-03-600x2757.jpg","category":["product-landing"],"page_builder":"gutenberg","steps":[{"ID":34559,"title":"Whey Protein Sales Landing","type":"landing","featured_image_url":"https://templates.cartflows.com/gutenberg/wp-content/uploads/sites/4/2022/12/whey-protein-sales-landing-03.jpg","thumbnail_image_url":"https://templates.cartflows.com/gutenberg/wp-content/uploads/sites/4/2022/12/whey-protein-sales-landing-03-600x2757.jpg","link":"https://templates.cartflows.com/gutenberg/whey-protein-sales-landing-03/"},{"ID":34560,"title":"Whey Protein Checkout","type":"checkout","featured_image_url":"https://templates.cartflows.com/gutenberg/wp-content/uploads/sites/4/2022/12/whey-protein-checkout-03.jpg","thumbnail_image_url":"https://templates.cartflows.com/gutenberg/wp-content/uploads/sites/4/2022/12/whey-protein-checkout-03-600x1896.jpg","link":"https://templates.cartflows.com/gutenberg/whey-protein-checkout-03/"},{"ID":34565,"title":"Whey Protein Upsell","type":"upsell","featured_image_url":"https://templates.cartflows.com/gutenberg/wp-content/uploads/sites/4/2022/12/whey-protein-upsell-03.jpg","thumbnail_image_url":"https://templates.cartflows.com/gutenberg/wp-content/uploads/sites/4/2022/12/whey-protein-upsell-03-600x422.jpg","link":"https://templates.cartflows.com/gutenberg/whey-protein-upsell-03/"},{"ID":34561,"title":"Whey Protein Thank You","type":"thankyou","featured_image_url":"https://templates.cartflows.com/gutenberg/wp-content/uploads/sites/4/2022/12/whey-protein-thank-you-03.jpg","thumbnail_image_url":"https://templates.cartflows.com/gutenberg/wp-content/uploads/sites/4/2022/12/whey-protein-thank-you-03-600x422.jpg","link":"https://templates.cartflows.com/gutenberg/whey-protein-thank-you-03/"}],"cartflows_flow_page_builder":[{"term_id":32,"name":"Gutenberg","slug":"gutenberg","term_group":0,"term_taxonomy_id":32,"taxonomy":"cartflows_flow_page_builder","description":"","parent":0,"count":51,"filter":"raw","term_order":"0"}],"cartflows_flow_category":[{"term_id":28,"name":"Product Landing","slug":"product-landing","term_group":0,"term_taxonomy_id":28,"taxonomy":"cartflows_flow_category","description":"","parent":0,"count":23,"filter":"raw","term_order":"0"}],"cartflows_flow_type":[{"term_id":29,"name":"Pro","slug":"pro","term_group":0,"term_taxonomy_id":29,"taxonomy":"cartflows_flow_type","description":"","parent":0,"count":20,"filter":"raw","term_order":"0"}]},{"ID":34028,"title":"Image Consultant – Feminine","type":"pro","featured_image_url":"https://templates.cartflows.com/gutenberg/wp-content/uploads/sites/4/2022/12/image-consultant-sales-landing-03.jpg","thumbnail_image_url":"https://templates.cartflows.com/gutenberg/wp-content/uploads/sites/4/2022/12/image-consultant-sales-landing-03-600x2196.jpg","category":["lead-generation"],"page_builder":"gutenberg","steps":[{"ID":34029,"title":"Image Consultant Sales Landing","type":"landing","featured_image_url":"https://templates.cartflows.com/gutenberg/wp-content/uploads/sites/4/2022/12/image-consultant-sales-landing-03.jpg","thumbnail_image_url":"https://templates.cartflows.com/gutenberg/wp-content/uploads/sites/4/2022/12/image-consultant-sales-landing-03-600x2196.jpg","link":"https://templates.cartflows.com/gutenberg/image-consultant-sales-landing-03/"},{"ID":34030,"title":"Image Consultant Checkout","type":"checkout","featured_image_url":"https://templates.cartflows.com/gutenberg/wp-content/uploads/sites/4/2022/12/image-consultant-checkout-03.jpg","thumbnail_image_url":"https://templates.cartflows.com/gutenberg/wp-content/uploads/sites/4/2022/12/image-consultant-checkout-03-600x1322.jpg","link":"https://templates.cartflows.com/gutenberg/image-consultant-checkout-03/"},{"ID":34035,"title":"Image Consultant Upsell","type":"upsell","featured_image_url":"https://templates.cartflows.com/gutenberg/wp-content/uploads/sites/4/2022/12/image-consultant-upsell-03.jpg","thumbnail_image_url":"https://templates.cartflows.com/gutenberg/wp-content/uploads/sites/4/2022/12/image-consultant-upsell-03-600x659.jpg","link":"https://templates.cartflows.com/gutenberg/image-consultant-upsell-03/"},{"ID":34031,"title":"Image Consultant Thank you","type":"thankyou","featured_image_url":"https://templates.cartflows.com/gutenberg/wp-content/uploads/sites/4/2022/12/image-consultant-thank-you-03.jpg","thumbnail_image_url":"https://templates.cartflows.com/gutenberg/wp-content/uploads/sites/4/2022/12/image-consultant-thank-you-03-600x1011.jpg","link":"https://templates.cartflows.com/gutenberg/image-consultant-thank-you-03/"}],"cartflows_flow_page_builder":[{"term_id":32,"name":"Gutenberg","slug":"gutenberg","term_group":0,"term_taxonomy_id":32,"taxonomy":"cartflows_flow_page_builder","description":"","parent":0,"count":51,"filter":"raw","term_order":"0"}],"cartflows_flow_category":[{"term_id":34,"name":"Lead Generation","slug":"lead-generation","term_group":0,"term_taxonomy_id":34,"taxonomy":"cartflows_flow_category","description":"","parent":0,"count":7,"filter":"raw","term_order":"0"}],"cartflows_flow_type":[{"term_id":29,"name":"Pro","slug":"pro","term_group":0,"term_taxonomy_id":29,"taxonomy":"cartflows_flow_type","description":"","parent":0,"count":20,"filter":"raw","term_order":"0"}]},{"ID":33281,"title":"SaaS Software","type":"pro","featured_image_url":"https://templates.cartflows.com/gutenberg/wp-content/uploads/sites/4/2022/12/saas-software-sales-landing-03.jpg","thumbnail_image_url":"https://templates.cartflows.com/gutenberg/wp-content/uploads/sites/4/2022/12/saas-software-sales-landing-03-600x3986.jpg","category":["product-landing"],"page_builder":"gutenberg","steps":[{"ID":33282,"title":"SaaS Software Sales Landing","type":"landing","featured_image_url":"https://templates.cartflows.com/gutenberg/wp-content/uploads/sites/4/2022/12/saas-software-sales-landing-03.jpg","thumbnail_image_url":"https://templates.cartflows.com/gutenberg/wp-content/uploads/sites/4/2022/12/saas-software-sales-landing-03-600x3986.jpg","link":"https://templates.cartflows.com/gutenberg/saas-software-sales-landing-03/"},{"ID":33283,"title":"SaaS Software Checkout","type":"checkout","featured_image_url":"https://templates.cartflows.com/gutenberg/wp-content/uploads/sites/4/2022/12/saas-software-checkout-03.jpg","thumbnail_image_url":"https://templates.cartflows.com/gutenberg/wp-content/uploads/sites/4/2022/12/saas-software-checkout-03-600x986.jpg","link":"https://templates.cartflows.com/gutenberg/saas-software-checkout-03/"},{"ID":33284,"title":"SaaS Software Thank You","type":"thankyou","featured_image_url":"https://templates.cartflows.com/gutenberg/wp-content/uploads/sites/4/2022/12/saas-software-thank-you-03.jpg","thumbnail_image_url":"https://templates.cartflows.com/gutenberg/wp-content/uploads/sites/4/2022/12/saas-software-thank-you-03-600x970.jpg","link":"https://templates.cartflows.com/gutenberg/saas-software-thank-you-03/"}],"cartflows_flow_page_builder":[{"term_id":32,"name":"Gutenberg","slug":"gutenberg","term_group":0,"term_taxonomy_id":32,"taxonomy":"cartflows_flow_page_builder","description":"","parent":0,"count":51,"filter":"raw","term_order":"0"}],"cartflows_flow_category":[{"term_id":28,"name":"Product Landing","slug":"product-landing","term_group":0,"term_taxonomy_id":28,"taxonomy":"cartflows_flow_category","description":"","parent":0,"count":23,"filter":"raw","term_order":"0"}],"cartflows_flow_type":[{"term_id":29,"name":"Pro","slug":"pro","term_group":0,"term_taxonomy_id":29,"taxonomy":"cartflows_flow_type","description":"","parent":0,"count":20,"filter":"raw","term_order":"0"}]},{"ID":32733,"title":"Organic Oil","type":"pro","featured_image_url":"https://templates.cartflows.com/gutenberg/wp-content/uploads/sites/4/2022/12/organic-oil-sales-landing-03.jpg","thumbnail_image_url":"https://templates.cartflows.com/gutenberg/wp-content/uploads/sites/4/2022/12/organic-oil-sales-landing-03-600x2499.jpg","category":["product-landing","sales-funnel"],"page_builder":"gutenberg","steps":[{"ID":32734,"title":"Organic Oil Sales Landing","type":"landing","featured_image_url":"https://templates.cartflows.com/gutenberg/wp-content/uploads/sites/4/2022/12/organic-oil-sales-landing-03.jpg","thumbnail_image_url":"https://templates.cartflows.com/gutenberg/wp-content/uploads/sites/4/2022/12/organic-oil-sales-landing-03-600x2499.jpg","link":"https://templates.cartflows.com/gutenberg/organic-oil-sales-landing-03/"},{"ID":32735,"title":"Organic Oil Checkout","type":"checkout","featured_image_url":"https://templates.cartflows.com/gutenberg/wp-content/uploads/sites/4/2022/12/organic-oil-checkout-03.jpg","thumbnail_image_url":"https://templates.cartflows.com/gutenberg/wp-content/uploads/sites/4/2022/12/organic-oil-checkout-03-600x1280.jpg","link":"https://templates.cartflows.com/gutenberg/organic-oil-checkout-03/"},{"ID":32740,"title":"Organic Oil Upsell","type":"upsell","featured_image_url":"https://templates.cartflows.com/gutenberg/wp-content/uploads/sites/4/2022/12/organic-oil-upsell-03.jpg","thumbnail_image_url":"https://templates.cartflows.com/gutenberg/wp-content/uploads/sites/4/2022/12/organic-oil-upsell-03-600x480.jpg","link":"https://templates.cartflows.com/gutenberg/organic-oil-upsell-03/"},{"ID":32736,"title":"Organic Oil Thank You","type":"thankyou","featured_image_url":"https://templates.cartflows.com/gutenberg/wp-content/uploads/sites/4/2022/12/organic-oil-thank-you-03.jpg","thumbnail_image_url":"https://templates.cartflows.com/gutenberg/wp-content/uploads/sites/4/2022/12/organic-oil-thank-you-03-600x1031.jpg","link":"https://templates.cartflows.com/gutenberg/organic-oil-thank-you-03/"}],"cartflows_flow_page_builder":[{"term_id":32,"name":"Gutenberg","slug":"gutenberg","term_group":0,"term_taxonomy_id":32,"taxonomy":"cartflows_flow_page_builder","description":"","parent":0,"count":51,"filter":"raw","term_order":"0"}],"cartflows_flow_category":[{"term_id":28,"name":"Product Landing","slug":"product-landing","term_group":0,"term_taxonomy_id":28,"taxonomy":"cartflows_flow_category","description":"","parent":0,"count":23,"filter":"raw","term_order":"0"},{"term_id":30,"name":"Sales Funnel","slug":"sales-funnel","term_group":0,"term_taxonomy_id":30,"taxonomy":"cartflows_flow_category","description":"","parent":0,"count":18,"filter":"raw","term_order":"0"}],"cartflows_flow_type":[{"term_id":29,"name":"Pro","slug":"pro","term_group":0,"term_taxonomy_id":29,"taxonomy":"cartflows_flow_type","description":"","parent":0,"count":20,"filter":"raw","term_order":"0"}]},{"ID":32106,"title":"Beauty Skincare","type":"pro","featured_image_url":"https://templates.cartflows.com/gutenberg/wp-content/uploads/sites/4/2022/12/beauty-skincare-landing-03.jpg","thumbnail_image_url":"https://templates.cartflows.com/gutenberg/wp-content/uploads/sites/4/2022/12/beauty-skincare-landing-03-600x2876.jpg","category":["product-landing","sales-funnel"],"page_builder":"gutenberg","steps":[{"ID":32107,"title":"Beauty Skincare Landing","type":"landing","featured_image_url":"https://templates.cartflows.com/gutenberg/wp-content/uploads/sites/4/2022/12/beauty-skincare-landing-03.jpg","thumbnail_image_url":"https://templates.cartflows.com/gutenberg/wp-content/uploads/sites/4/2022/12/beauty-skincare-landing-03-600x2876.jpg","link":"https://templates.cartflows.com/gutenberg/beauty-skincare-landing-03/"},{"ID":32108,"title":"Beauty Skincare Checkout","type":"checkout","featured_image_url":"https://templates.cartflows.com/gutenberg/wp-content/uploads/sites/4/2022/12/beauty-skincare-checkout-03.jpg","thumbnail_image_url":"https://templates.cartflows.com/gutenberg/wp-content/uploads/sites/4/2022/12/beauty-skincare-checkout-03-600x829.jpg","link":"https://templates.cartflows.com/gutenberg/beauty-skincare-checkout-03/"},{"ID":32113,"title":"Beauty Skincare Upsell","type":"upsell","featured_image_url":"https://templates.cartflows.com/gutenberg/wp-content/uploads/sites/4/2022/12/beauty-skincare-upsell-03.jpg","thumbnail_image_url":"https://templates.cartflows.com/gutenberg/wp-content/uploads/sites/4/2022/12/beauty-skincare-upsell-03-600x1424.jpg","link":"https://templates.cartflows.com/gutenberg/beauty-skincare-upsell-03/"},{"ID":32109,"title":"Beauty Skincare Thank you","type":"thankyou","featured_image_url":"https://templates.cartflows.com/gutenberg/wp-content/uploads/sites/4/2022/12/beauty-skincare-thank-you-03.jpg","thumbnail_image_url":"https://templates.cartflows.com/gutenberg/wp-content/uploads/sites/4/2022/12/beauty-skincare-thank-you-03-600x1069.jpg","link":"https://templates.cartflows.com/gutenberg/beauty-skincare-thank-you-03/"}],"cartflows_flow_page_builder":[{"term_id":32,"name":"Gutenberg","slug":"gutenberg","term_group":0,"term_taxonomy_id":32,"taxonomy":"cartflows_flow_page_builder","description":"","parent":0,"count":51,"filter":"raw","term_order":"0"}],"cartflows_flow_category":[{"term_id":28,"name":"Product Landing","slug":"product-landing","term_group":0,"term_taxonomy_id":28,"taxonomy":"cartflows_flow_category","description":"","parent":0,"count":23,"filter":"raw","term_order":"0"},{"term_id":30,"name":"Sales Funnel","slug":"sales-funnel","term_group":0,"term_taxonomy_id":30,"taxonomy":"cartflows_flow_category","description":"","parent":0,"count":18,"filter":"raw","term_order":"0"}],"cartflows_flow_type":[{"term_id":29,"name":"Pro","slug":"pro","term_group":0,"term_taxonomy_id":29,"taxonomy":"cartflows_flow_type","description":"","parent":0,"count":20,"filter":"raw","term_order":"0"}]},{"ID":31366,"title":"Microwave","type":"pro","featured_image_url":"https://templates.cartflows.com/gutenberg/wp-content/uploads/sites/4/2022/11/microwave-sales-landing-03.jpg","thumbnail_image_url":"https://templates.cartflows.com/gutenberg/wp-content/uploads/sites/4/2022/11/microwave-sales-landing-03-600x3214.jpg","category":["product-landing","sales-funnel"],"page_builder":"gutenberg","steps":[{"ID":31367,"title":"Microwave Sales Landing","type":"landing","featured_image_url":"https://templates.cartflows.com/gutenberg/wp-content/uploads/sites/4/2022/11/microwave-sales-landing-03.jpg","thumbnail_image_url":"https://templates.cartflows.com/gutenberg/wp-content/uploads/sites/4/2022/11/microwave-sales-landing-03-600x3214.jpg","link":"https://templates.cartflows.com/gutenberg/microwave-sales-landing-03/"},{"ID":31368,"title":"Microwave Checkout","type":"checkout","featured_image_url":"https://templates.cartflows.com/gutenberg/wp-content/uploads/sites/4/2022/11/microwave-checkout-03.jpg","thumbnail_image_url":"https://templates.cartflows.com/gutenberg/wp-content/uploads/sites/4/2022/11/microwave-checkout-03-600x1112.jpg","link":"https://templates.cartflows.com/gutenberg/microwave-checkout-03/"},{"ID":31373,"title":"Microwave Upsell","type":"upsell","featured_image_url":"https://templates.cartflows.com/gutenberg/wp-content/uploads/sites/4/2022/11/microwave-upsell-03.jpg","thumbnail_image_url":"https://templates.cartflows.com/gutenberg/wp-content/uploads/sites/4/2022/11/microwave-upsell-03-600x423.jpg","link":"https://templates.cartflows.com/gutenberg/microwave-upsell-03/"},{"ID":31369,"title":"Microwave Thank you","type":"thankyou","featured_image_url":"https://templates.cartflows.com/gutenberg/wp-content/uploads/sites/4/2022/11/microwave-thank-you-03.jpg","thumbnail_image_url":"https://templates.cartflows.com/gutenberg/wp-content/uploads/sites/4/2022/11/microwave-thank-you-03-600x689.jpg","link":"https://templates.cartflows.com/gutenberg/microwave-thank-you-03/"}],"cartflows_flow_page_builder":[{"term_id":32,"name":"Gutenberg","slug":"gutenberg","term_group":0,"term_taxonomy_id":32,"taxonomy":"cartflows_flow_page_builder","description":"","parent":0,"count":51,"filter":"raw","term_order":"0"}],"cartflows_flow_category":[{"term_id":28,"name":"Product Landing","slug":"product-landing","term_group":0,"term_taxonomy_id":28,"taxonomy":"cartflows_flow_category","description":"","parent":0,"count":23,"filter":"raw","term_order":"0"},{"term_id":30,"name":"Sales Funnel","slug":"sales-funnel","term_group":0,"term_taxonomy_id":30,"taxonomy":"cartflows_flow_category","description":"","parent":0,"count":18,"filter":"raw","term_order":"0"}],"cartflows_flow_type":[{"term_id":29,"name":"Pro","slug":"pro","term_group":0,"term_taxonomy_id":29,"taxonomy":"cartflows_flow_type","description":"","parent":0,"count":20,"filter":"raw","term_order":"0"}]},{"ID":30535,"title":"CRM Software","type":"pro","featured_image_url":"https://templates.cartflows.com/gutenberg/wp-content/uploads/sites/4/2022/11/crm-software-sales-landing-03.jpg","thumbnail_image_url":"https://templates.cartflows.com/gutenberg/wp-content/uploads/sites/4/2022/11/crm-software-sales-landing-03-600x3302.jpg","category":["product-landing"],"page_builder":"gutenberg","steps":[{"ID":30536,"title":"CRM Software Sales Landing","type":"landing","featured_image_url":"https://templates.cartflows.com/gutenberg/wp-content/uploads/sites/4/2022/11/crm-software-sales-landing-03.jpg","thumbnail_image_url":"https://templates.cartflows.com/gutenberg/wp-content/uploads/sites/4/2022/11/crm-software-sales-landing-03-600x3302.jpg","link":"https://templates.cartflows.com/gutenberg/crm-software-sales-landing-03/"},{"ID":30537,"title":"CRM Software Checkout","type":"checkout","featured_image_url":"https://templates.cartflows.com/gutenberg/wp-content/uploads/sites/4/2022/11/crm-software-checkout-03.jpg","thumbnail_image_url":"https://templates.cartflows.com/gutenberg/wp-content/uploads/sites/4/2022/11/crm-software-checkout-03-600x1450.jpg","link":"https://templates.cartflows.com/gutenberg/crm-software-checkout-03/"},{"ID":30544,"title":"CRM Software Upsell","type":"upsell","featured_image_url":"https://templates.cartflows.com/gutenberg/wp-content/uploads/sites/4/2022/11/crm-software-upsell-03.jpg","thumbnail_image_url":"https://templates.cartflows.com/gutenberg/wp-content/uploads/sites/4/2022/11/crm-software-upsell-03-600x499.jpg","link":"https://templates.cartflows.com/gutenberg/crm-software-upsell-03/"},{"ID":30538,"title":"CRM Software Thank You","type":"thankyou","featured_image_url":"https://templates.cartflows.com/gutenberg/wp-content/uploads/sites/4/2022/11/crm-software-thank-you-03.jpg","thumbnail_image_url":"https://templates.cartflows.com/gutenberg/wp-content/uploads/sites/4/2022/11/crm-software-thank-you-03-600x935.jpg","link":"https://templates.cartflows.com/gutenberg/crm-software-thank-you-03/"}],"cartflows_flow_page_builder":[{"term_id":32,"name":"Gutenberg","slug":"gutenberg","term_group":0,"term_taxonomy_id":32,"taxonomy":"cartflows_flow_page_builder","description":"","parent":0,"count":51,"filter":"raw","term_order":"0"}],"cartflows_flow_category":[{"term_id":28,"name":"Product Landing","slug":"product-landing","term_group":0,"term_taxonomy_id":28,"taxonomy":"cartflows_flow_category","description":"","parent":0,"count":23,"filter":"raw","term_order":"0"}],"cartflows_flow_type":[{"term_id":29,"name":"Pro","slug":"pro","term_group":0,"term_taxonomy_id":29,"taxonomy":"cartflows_flow_type","description":"","parent":0,"count":20,"filter":"raw","term_order":"0"}]},{"ID":28155,"title":"Smart Vacuum Cleaner","type":"pro","featured_image_url":"https://templates.cartflows.com/gutenberg/wp-content/uploads/sites/4/2022/11/robovacuum-sales-landing-03.jpg","thumbnail_image_url":"https://templates.cartflows.com/gutenberg/wp-content/uploads/sites/4/2022/11/robovacuum-sales-landing-03-600x3410.jpg","category":["product-landing"],"page_builder":"gutenberg","steps":[{"ID":28156,"title":"RoboVacuum Sales Landing","type":"landing","featured_image_url":"https://templates.cartflows.com/gutenberg/wp-content/uploads/sites/4/2022/11/robovacuum-sales-landing-03.jpg","thumbnail_image_url":"https://templates.cartflows.com/gutenberg/wp-content/uploads/sites/4/2022/11/robovacuum-sales-landing-03-600x3410.jpg","link":"https://templates.cartflows.com/gutenberg/robovacuum-sales-landing-03/"},{"ID":28157,"title":"RoboVacuum Checkout","type":"checkout","featured_image_url":"https://templates.cartflows.com/gutenberg/wp-content/uploads/sites/4/2022/11/robovacuum-checkout-03.jpg","thumbnail_image_url":"https://templates.cartflows.com/gutenberg/wp-content/uploads/sites/4/2022/11/robovacuum-checkout-03-600x1153.jpg","link":"https://templates.cartflows.com/gutenberg/robovacuum-checkout-03/"},{"ID":28163,"title":"RoboVacuum Upsell","type":"upsell","featured_image_url":"https://templates.cartflows.com/gutenberg/wp-content/uploads/sites/4/2022/11/robovacuum-upsell-03.jpg","thumbnail_image_url":"https://templates.cartflows.com/gutenberg/wp-content/uploads/sites/4/2022/11/robovacuum-upsell-03-600x498.jpg","link":"https://templates.cartflows.com/gutenberg/robovacuum-upsell-03/"},{"ID":28158,"title":"RoboVacuum Thank you","type":"thankyou","featured_image_url":"https://templates.cartflows.com/gutenberg/wp-content/uploads/sites/4/2022/11/robovacuum-thank-you-03.jpg","thumbnail_image_url":"https://templates.cartflows.com/gutenberg/wp-content/uploads/sites/4/2022/11/robovacuum-thank-you-03-600x1195.jpg","link":"https://templates.cartflows.com/gutenberg/robovacuum-thank-you-03/"}],"cartflows_flow_page_builder":[{"term_id":32,"name":"Gutenberg","slug":"gutenberg","term_group":0,"term_taxonomy_id":32,"taxonomy":"cartflows_flow_page_builder","description":"","parent":0,"count":51,"filter":"raw","term_order":"0"}],"cartflows_flow_category":[{"term_id":28,"name":"Product Landing","slug":"product-landing","term_group":0,"term_taxonomy_id":28,"taxonomy":"cartflows_flow_category","description":"","parent":0,"count":23,"filter":"raw","term_order":"0"}],"cartflows_flow_type":[{"term_id":29,"name":"Pro","slug":"pro","term_group":0,"term_taxonomy_id":29,"taxonomy":"cartflows_flow_type","description":"","parent":0,"count":20,"filter":"raw","term_order":"0"}]},{"ID":27846,"title":"Fat Burner","type":"pro","featured_image_url":"https://templates.cartflows.com/gutenberg/wp-content/uploads/sites/4/2022/11/fat-burner-checkout-03.jpg","thumbnail_image_url":"https://templates.cartflows.com/gutenberg/wp-content/uploads/sites/4/2022/11/fat-burner-checkout-03-600x2598.jpg","category":["product-landing"],"page_builder":"gutenberg","steps":[{"ID":27848,"title":"Fat Burner Checkout","type":"checkout","featured_image_url":"https://templates.cartflows.com/gutenberg/wp-content/uploads/sites/4/2022/11/fat-burner-checkout-03.jpg","thumbnail_image_url":"https://templates.cartflows.com/gutenberg/wp-content/uploads/sites/4/2022/11/fat-burner-checkout-03-600x2598.jpg","link":"https://templates.cartflows.com/gutenberg/fat-burner-checkout-03/"},{"ID":27850,"title":"Fat Burner Upsell","type":"upsell","featured_image_url":"https://templates.cartflows.com/gutenberg/wp-content/uploads/sites/4/2022/11/fat-burner-upsell-03.jpg","thumbnail_image_url":"https://templates.cartflows.com/gutenberg/wp-content/uploads/sites/4/2022/11/fat-burner-upsell-03-600x895.jpg","link":"https://templates.cartflows.com/gutenberg/fat-burner-upsell-03/"},{"ID":27849,"title":"Fat Burner Thank you","type":"thankyou","featured_image_url":"https://templates.cartflows.com/gutenberg/wp-content/uploads/sites/4/2022/11/fat-burner-thank-you-03.jpg","thumbnail_image_url":"https://templates.cartflows.com/gutenberg/wp-content/uploads/sites/4/2022/11/fat-burner-thank-you-03-600x423.jpg","link":"https://templates.cartflows.com/gutenberg/fat-burner-thank-you-03/"}],"cartflows_flow_page_builder":[{"term_id":32,"name":"Gutenberg","slug":"gutenberg","term_group":0,"term_taxonomy_id":32,"taxonomy":"cartflows_flow_page_builder","description":"","parent":0,"count":51,"filter":"raw","term_order":"0"}],"cartflows_flow_category":[{"term_id":28,"name":"Product Landing","slug":"product-landing","term_group":0,"term_taxonomy_id":28,"taxonomy":"cartflows_flow_category","description":"","parent":0,"count":23,"filter":"raw","term_order":"0"}],"cartflows_flow_type":[{"term_id":29,"name":"Pro","slug":"pro","term_group":0,"term_taxonomy_id":29,"taxonomy":"cartflows_flow_type","description":"","parent":0,"count":20,"filter":"raw","term_order":"0"}]},{"ID":27770,"title":"Online Marketing eBook","type":"free","featured_image_url":"https://templates.cartflows.com/gutenberg/wp-content/uploads/sites/4/2022/11/online-marketing-ebook-optin-03.jpg","thumbnail_image_url":"https://templates.cartflows.com/gutenberg/wp-content/uploads/sites/4/2022/11/online-marketing-ebook-optin-03-600x1406.jpg","category":["sales-funnel"],"page_builder":"gutenberg","steps":[{"ID":27775,"title":"Online Marketing eBook Optin","type":"optin","featured_image_url":"https://templates.cartflows.com/gutenberg/wp-content/uploads/sites/4/2022/11/online-marketing-ebook-optin-03.jpg","thumbnail_image_url":"https://templates.cartflows.com/gutenberg/wp-content/uploads/sites/4/2022/11/online-marketing-ebook-optin-03-600x1406.jpg","link":"https://templates.cartflows.com/gutenberg/online-marketing-ebook-optin-03/"},{"ID":27773,"title":"Online Marketing eBook Thank You","type":"thankyou","featured_image_url":"https://templates.cartflows.com/gutenberg/wp-content/uploads/sites/4/2022/11/online-marketing-ebook-thank-you-03.jpg","thumbnail_image_url":"https://templates.cartflows.com/gutenberg/wp-content/uploads/sites/4/2022/11/online-marketing-ebook-thank-you-03-600x834.jpg","link":"https://templates.cartflows.com/gutenberg/online-marketing-ebook-thank-you-03/"}],"cartflows_flow_page_builder":[{"term_id":32,"name":"Gutenberg","slug":"gutenberg","term_group":0,"term_taxonomy_id":32,"taxonomy":"cartflows_flow_page_builder","description":"","parent":0,"count":51,"filter":"raw","term_order":"0"}],"cartflows_flow_category":[{"term_id":30,"name":"Sales Funnel","slug":"sales-funnel","term_group":0,"term_taxonomy_id":30,"taxonomy":"cartflows_flow_category","description":"","parent":0,"count":18,"filter":"raw","term_order":"0"}],"cartflows_flow_type":[{"term_id":27,"name":"Free","slug":"free","term_group":0,"term_taxonomy_id":27,"taxonomy":"cartflows_flow_type","description":"","parent":0,"count":30,"filter":"raw","term_order":"0"}]},{"ID":27379,"title":"Store Checkout 04","type":"free","featured_image_url":"https://templates.cartflows.com/gutenberg/wp-content/uploads/sites/4/2022/11/store-checkout-spectra-04.jpg","thumbnail_image_url":"https://templates.cartflows.com/gutenberg/wp-content/uploads/sites/4/2022/11/store-checkout-spectra-04-600x853.jpg","category":["store-checkout"],"page_builder":"gutenberg","steps":[{"ID":27380,"title":"Store Checkout 04","type":"checkout","featured_image_url":"https://templates.cartflows.com/gutenberg/wp-content/uploads/sites/4/2022/11/store-checkout-spectra-04.jpg","thumbnail_image_url":"https://templates.cartflows.com/gutenberg/wp-content/uploads/sites/4/2022/11/store-checkout-spectra-04-600x853.jpg","link":"https://templates.cartflows.com/gutenberg/store-checkout-04/"},{"ID":27619,"title":"Store Checkout Upsell 04","type":"upsell","featured_image_url":"https://templates.cartflows.com/gutenberg/wp-content/uploads/sites/4/2022/11/store-checkout-upsell-spectra-04.jpg","thumbnail_image_url":"https://templates.cartflows.com/gutenberg/wp-content/uploads/sites/4/2022/11/store-checkout-upsell-spectra-04-600x520.jpg","link":"https://templates.cartflows.com/gutenberg/store-checkout-upsell-04/"},{"ID":27381,"title":"Store Checkout Thank You 04","type":"thankyou","featured_image_url":"https://templates.cartflows.com/gutenberg/wp-content/uploads/sites/4/2022/11/store-checkout-thank-you-spectra-04.jpg","thumbnail_image_url":"https://templates.cartflows.com/gutenberg/wp-content/uploads/sites/4/2022/11/store-checkout-thank-you-spectra-04-600x557.jpg","link":"https://templates.cartflows.com/gutenberg/store-checkout-thank-you-04/"}],"cartflows_flow_page_builder":[{"term_id":32,"name":"Gutenberg","slug":"gutenberg","term_group":0,"term_taxonomy_id":32,"taxonomy":"cartflows_flow_page_builder","description":"","parent":0,"count":51,"filter":"raw","term_order":"0"}],"cartflows_flow_category":[{"term_id":144,"name":"Store Checkout","slug":"store-checkout","term_group":0,"term_taxonomy_id":144,"taxonomy":"cartflows_flow_category","description":"","parent":0,"count":8,"filter":"raw","term_order":"0"}],"cartflows_flow_type":[{"term_id":27,"name":"Free","slug":"free","term_group":0,"term_taxonomy_id":27,"taxonomy":"cartflows_flow_type","description":"","parent":0,"count":30,"filter":"raw","term_order":"0"}]},{"ID":27065,"title":"Store Checkout 03","type":"free","featured_image_url":"https://templates.cartflows.com/gutenberg/wp-content/uploads/sites/4/2022/10/store-checkout-spectra-03.jpg","thumbnail_image_url":"https://templates.cartflows.com/gutenberg/wp-content/uploads/sites/4/2022/10/store-checkout-spectra-03-600x987.jpg","category":["store-checkout"],"page_builder":"gutenberg","steps":[{"ID":27066,"title":"Store Checkout 03","type":"checkout","featured_image_url":"https://templates.cartflows.com/gutenberg/wp-content/uploads/sites/4/2022/10/store-checkout-spectra-03.jpg","thumbnail_image_url":"https://templates.cartflows.com/gutenberg/wp-content/uploads/sites/4/2022/10/store-checkout-spectra-03-600x987.jpg","link":"https://templates.cartflows.com/gutenberg/store-checkout-03/"},{"ID":27195,"title":"Store Checkout Upsell 03","type":"upsell","featured_image_url":"https://templates.cartflows.com/gutenberg/wp-content/uploads/sites/4/2022/10/store-checkout-upsell-spectra-03.jpg","thumbnail_image_url":"https://templates.cartflows.com/gutenberg/wp-content/uploads/sites/4/2022/10/store-checkout-upsell-spectra-03-600x962.jpg","link":"https://templates.cartflows.com/gutenberg/store-checkout-upsell-03/"},{"ID":27067,"title":"Store Checkout Thank You 03","type":"thankyou","featured_image_url":"https://templates.cartflows.com/gutenberg/wp-content/uploads/sites/4/2022/10/store-checkout-thank-you-spectra-03.jpg","thumbnail_image_url":"https://templates.cartflows.com/gutenberg/wp-content/uploads/sites/4/2022/10/store-checkout-thank-you-spectra-03-600x596.jpg","link":"https://templates.cartflows.com/gutenberg/store-checkout-thank-you-03/"}],"cartflows_flow_page_builder":[{"term_id":32,"name":"Gutenberg","slug":"gutenberg","term_group":0,"term_taxonomy_id":32,"taxonomy":"cartflows_flow_page_builder","description":"","parent":0,"count":51,"filter":"raw","term_order":"0"}],"cartflows_flow_category":[{"term_id":144,"name":"Store Checkout","slug":"store-checkout","term_group":0,"term_taxonomy_id":144,"taxonomy":"cartflows_flow_category","description":"","parent":0,"count":8,"filter":"raw","term_order":"0"}],"cartflows_flow_type":[{"term_id":27,"name":"Free","slug":"free","term_group":0,"term_taxonomy_id":27,"taxonomy":"cartflows_flow_type","description":"","parent":0,"count":30,"filter":"raw","term_order":"0"}]},{"ID":26969,"title":"Store Checkout 02","type":"free","featured_image_url":"https://templates.cartflows.com/gutenberg/wp-content/uploads/sites/4/2022/10/store-checkout-spectra-02.jpg","thumbnail_image_url":"https://templates.cartflows.com/gutenberg/wp-content/uploads/sites/4/2022/10/store-checkout-spectra-02-600x1090.jpg","category":["store-checkout"],"page_builder":"gutenberg","steps":[{"ID":26970,"title":"Store Checkout 02","type":"checkout","featured_image_url":"https://templates.cartflows.com/gutenberg/wp-content/uploads/sites/4/2022/10/store-checkout-spectra-02.jpg","thumbnail_image_url":"https://templates.cartflows.com/gutenberg/wp-content/uploads/sites/4/2022/10/store-checkout-spectra-02-600x1090.jpg","link":"https://templates.cartflows.com/gutenberg/store-checkout-02/"},{"ID":27248,"title":"Store Checkout Upsell 02","type":"upsell","featured_image_url":"https://templates.cartflows.com/gutenberg/wp-content/uploads/sites/4/2022/10/store-checkout-upsell-spectra-02.jpg","thumbnail_image_url":"https://templates.cartflows.com/gutenberg/wp-content/uploads/sites/4/2022/10/store-checkout-upsell-spectra-02-600x746.jpg","link":"https://templates.cartflows.com/gutenberg/store-checkout-upsell-02/"},{"ID":26971,"title":"Store Checkout Thank You 02","type":"thankyou","featured_image_url":"https://templates.cartflows.com/gutenberg/wp-content/uploads/sites/4/2022/10/store-checkout-thank-you-spectra-02.jpg","thumbnail_image_url":"https://templates.cartflows.com/gutenberg/wp-content/uploads/sites/4/2022/10/store-checkout-thank-you-spectra-02-600x519.jpg","link":"https://templates.cartflows.com/gutenberg/store-checkout-thank-you-02/"}],"cartflows_flow_page_builder":[{"term_id":32,"name":"Gutenberg","slug":"gutenberg","term_group":0,"term_taxonomy_id":32,"taxonomy":"cartflows_flow_page_builder","description":"","parent":0,"count":51,"filter":"raw","term_order":"0"}],"cartflows_flow_category":[{"term_id":144,"name":"Store Checkout","slug":"store-checkout","term_group":0,"term_taxonomy_id":144,"taxonomy":"cartflows_flow_category","description":"","parent":0,"count":8,"filter":"raw","term_order":"0"}],"cartflows_flow_type":[{"term_id":27,"name":"Free","slug":"free","term_group":0,"term_taxonomy_id":27,"taxonomy":"cartflows_flow_type","description":"","parent":0,"count":30,"filter":"raw","term_order":"0"}]},{"ID":26636,"title":"Store Checkout 01","type":"free","featured_image_url":"https://templates.cartflows.com/gutenberg/wp-content/uploads/sites/4/2022/10/store-checkout-spectra-01.jpg","thumbnail_image_url":"https://templates.cartflows.com/gutenberg/wp-content/uploads/sites/4/2022/10/store-checkout-spectra-01-600x818.jpg","category":["store-checkout"],"page_builder":"gutenberg","steps":[{"ID":26637,"title":"Store Checkout 01","type":"checkout","featured_image_url":"https://templates.cartflows.com/gutenberg/wp-content/uploads/sites/4/2022/10/store-checkout-spectra-01.jpg","thumbnail_image_url":"https://templates.cartflows.com/gutenberg/wp-content/uploads/sites/4/2022/10/store-checkout-spectra-01-600x818.jpg","link":"https://templates.cartflows.com/gutenberg/store-checkout-01/"},{"ID":26880,"title":"Store Checkout Upsell 01","type":"upsell","featured_image_url":"https://templates.cartflows.com/gutenberg/wp-content/uploads/sites/4/2022/10/store-checkout-upsell-spectra-01.jpg","thumbnail_image_url":"https://templates.cartflows.com/gutenberg/wp-content/uploads/sites/4/2022/10/store-checkout-upsell-spectra-01-600x559.jpg","link":"https://templates.cartflows.com/gutenberg/store-checkout-upsell-01/"},{"ID":26638,"title":"Store Checkout Thank You 01","type":"thankyou","featured_image_url":"https://templates.cartflows.com/gutenberg/wp-content/uploads/sites/4/2022/10/store-checkout-thank-you-spectra-01.jpg","thumbnail_image_url":"https://templates.cartflows.com/gutenberg/wp-content/uploads/sites/4/2022/10/store-checkout-thank-you-spectra-01-600x614.jpg","link":"https://templates.cartflows.com/gutenberg/store-checkout-thank-you-01/"}],"cartflows_flow_page_builder":[{"term_id":32,"name":"Gutenberg","slug":"gutenberg","term_group":0,"term_taxonomy_id":32,"taxonomy":"cartflows_flow_page_builder","description":"","parent":0,"count":51,"filter":"raw","term_order":"0"}],"cartflows_flow_category":[{"term_id":144,"name":"Store Checkout","slug":"store-checkout","term_group":0,"term_taxonomy_id":144,"taxonomy":"cartflows_flow_category","description":"","parent":0,"count":8,"filter":"raw","term_order":"0"}],"cartflows_flow_type":[{"term_id":27,"name":"Free","slug":"free","term_group":0,"term_taxonomy_id":27,"taxonomy":"cartflows_flow_type","description":"","parent":0,"count":30,"filter":"raw","term_order":"0"}]},{"ID":26555,"title":"Project Manager Software","type":"free","featured_image_url":"https://templates.cartflows.com/gutenberg/wp-content/uploads/sites/4/2022/10/project-manager-software-sales-landing-03.jpg","thumbnail_image_url":"https://templates.cartflows.com/gutenberg/wp-content/uploads/sites/4/2022/10/project-manager-software-sales-landing-03-600x3221.jpg","category":["product-landing"],"page_builder":"gutenberg","steps":[{"ID":26556,"title":"Project Manager Software Sales Landing","type":"landing","featured_image_url":"https://templates.cartflows.com/gutenberg/wp-content/uploads/sites/4/2022/10/project-manager-software-sales-landing-03.jpg","thumbnail_image_url":"https://templates.cartflows.com/gutenberg/wp-content/uploads/sites/4/2022/10/project-manager-software-sales-landing-03-600x3221.jpg","link":"https://templates.cartflows.com/gutenberg/project-manager-software-sales-landing-03/"},{"ID":26557,"title":"Project Manager Software Checkout","type":"checkout","featured_image_url":"https://templates.cartflows.com/gutenberg/wp-content/uploads/sites/4/2022/10/project-manager-software-checkout-03.jpg","thumbnail_image_url":"https://templates.cartflows.com/gutenberg/wp-content/uploads/sites/4/2022/10/project-manager-software-checkout-03-600x839.jpg","link":"https://templates.cartflows.com/gutenberg/project-manager-software-checkout-03/"},{"ID":26558,"title":"Project Manager Thank You","type":"thankyou","featured_image_url":"https://templates.cartflows.com/gutenberg/wp-content/uploads/sites/4/2022/10/project-manager-thank-you-03.jpg","thumbnail_image_url":"https://templates.cartflows.com/gutenberg/wp-content/uploads/sites/4/2022/10/project-manager-thank-you-03-600x512.jpg","link":"https://templates.cartflows.com/gutenberg/project-manager-thank-you-03/"}],"cartflows_flow_page_builder":[{"term_id":32,"name":"Gutenberg","slug":"gutenberg","term_group":0,"term_taxonomy_id":32,"taxonomy":"cartflows_flow_page_builder","description":"","parent":0,"count":51,"filter":"raw","term_order":"0"}],"cartflows_flow_category":[{"term_id":28,"name":"Product Landing","slug":"product-landing","term_group":0,"term_taxonomy_id":28,"taxonomy":"cartflows_flow_category","description":"","parent":0,"count":23,"filter":"raw","term_order":"0"}],"cartflows_flow_type":[{"term_id":27,"name":"Free","slug":"free","term_group":0,"term_taxonomy_id":27,"taxonomy":"cartflows_flow_type","description":"","parent":0,"count":30,"filter":"raw","term_order":"0"}]},{"ID":25603,"title":"Web3 Crash Course","type":"free","featured_image_url":"https://templates.cartflows.com/gutenberg/wp-content/uploads/sites/4/2022/10/web3-crash-course-checkout-03.jpg","thumbnail_image_url":"https://templates.cartflows.com/gutenberg/wp-content/uploads/sites/4/2022/10/web3-crash-course-checkout-03-600x4306.jpg","category":["product-landing"],"page_builder":"gutenberg","steps":[{"ID":25604,"title":"Web3 Crash Course Checkout","type":"checkout","featured_image_url":"https://templates.cartflows.com/gutenberg/wp-content/uploads/sites/4/2022/10/web3-crash-course-checkout-03.jpg","thumbnail_image_url":"https://templates.cartflows.com/gutenberg/wp-content/uploads/sites/4/2022/10/web3-crash-course-checkout-03-600x4306.jpg","link":"https://templates.cartflows.com/gutenberg/web3-crash-course-checkout-03/"},{"ID":25605,"title":"Web3 Crash Course Thank You","type":"thankyou","featured_image_url":"https://templates.cartflows.com/gutenberg/wp-content/uploads/sites/4/2022/10/web3-crash-course-thank-you-03.jpg","thumbnail_image_url":"https://templates.cartflows.com/gutenberg/wp-content/uploads/sites/4/2022/10/web3-crash-course-thank-you-03-600x697.jpg","link":"https://templates.cartflows.com/gutenberg/web3-crash-course-thank-you-03/"}],"cartflows_flow_page_builder":[{"term_id":32,"name":"Gutenberg","slug":"gutenberg","term_group":0,"term_taxonomy_id":32,"taxonomy":"cartflows_flow_page_builder","description":"","parent":0,"count":51,"filter":"raw","term_order":"0"}],"cartflows_flow_category":[{"term_id":28,"name":"Product Landing","slug":"product-landing","term_group":0,"term_taxonomy_id":28,"taxonomy":"cartflows_flow_category","description":"","parent":0,"count":23,"filter":"raw","term_order":"0"}],"cartflows_flow_type":[{"term_id":27,"name":"Free","slug":"free","term_group":0,"term_taxonomy_id":27,"taxonomy":"cartflows_flow_type","description":"","parent":0,"count":30,"filter":"raw","term_order":"0"}]},{"ID":24967,"title":"Business Hacks eBook","type":"pro","featured_image_url":"https://templates.cartflows.com/gutenberg/wp-content/uploads/sites/4/2022/10/business-hacks-ebook-sales-landing-03.jpg","thumbnail_image_url":"https://templates.cartflows.com/gutenberg/wp-content/uploads/sites/4/2022/10/business-hacks-ebook-sales-landing-03-600x2431.jpg","category":["sales-funnel"],"page_builder":"gutenberg","steps":[{"ID":24968,"title":"Business Hacks eBook Sales Landing","type":"landing","featured_image_url":"https://templates.cartflows.com/gutenberg/wp-content/uploads/sites/4/2022/10/business-hacks-ebook-sales-landing-03.jpg","thumbnail_image_url":"https://templates.cartflows.com/gutenberg/wp-content/uploads/sites/4/2022/10/business-hacks-ebook-sales-landing-03-600x2431.jpg","link":"https://templates.cartflows.com/gutenberg/business-hacks-ebook-sales-landing-03/"},{"ID":24969,"title":"Business Hacks eBook Checkout","type":"checkout","featured_image_url":"https://templates.cartflows.com/gutenberg/wp-content/uploads/sites/4/2022/10/business-hacks-ebook-checkout-03.jpg","thumbnail_image_url":"https://templates.cartflows.com/gutenberg/wp-content/uploads/sites/4/2022/10/business-hacks-ebook-checkout-03-600x1334.jpg","link":"https://templates.cartflows.com/gutenberg/business-hacks-ebook-checkout-03/"},{"ID":24970,"title":"Business Hacks eBook Upsell","type":"upsell","featured_image_url":"https://templates.cartflows.com/gutenberg/wp-content/uploads/sites/4/2022/10/business-hacks-ebook-upsell-03.jpg","thumbnail_image_url":"https://templates.cartflows.com/gutenberg/wp-content/uploads/sites/4/2022/10/business-hacks-ebook-upsell-03-600x431.jpg","link":"https://templates.cartflows.com/gutenberg/business-hacks-ebook-upsell-03/"},{"ID":24971,"title":"Business Hacks eBook Downsell","type":"downsell","featured_image_url":"https://templates.cartflows.com/gutenberg/wp-content/uploads/sites/4/2022/10/business-hacks-ebook-downsell-03.jpg","thumbnail_image_url":"https://templates.cartflows.com/gutenberg/wp-content/uploads/sites/4/2022/10/business-hacks-ebook-downsell-03-600x423.jpg","link":"https://templates.cartflows.com/gutenberg/business-hacks-ebook-downsell-03/"},{"ID":24972,"title":"Business Hacks eBook Thank You","type":"thankyou","featured_image_url":"https://templates.cartflows.com/gutenberg/wp-content/uploads/sites/4/2022/10/business-hacks-ebook-thank-you-03.jpg","thumbnail_image_url":"https://templates.cartflows.com/gutenberg/wp-content/uploads/sites/4/2022/10/business-hacks-ebook-thank-you-03-600x661.jpg","link":"https://templates.cartflows.com/gutenberg/business-hacks-ebook-thank-you-03/"}],"cartflows_flow_page_builder":[{"term_id":32,"name":"Gutenberg","slug":"gutenberg","term_group":0,"term_taxonomy_id":32,"taxonomy":"cartflows_flow_page_builder","description":"","parent":0,"count":51,"filter":"raw","term_order":"0"}],"cartflows_flow_category":[{"term_id":30,"name":"Sales Funnel","slug":"sales-funnel","term_group":0,"term_taxonomy_id":30,"taxonomy":"cartflows_flow_category","description":"","parent":0,"count":18,"filter":"raw","term_order":"0"}],"cartflows_flow_type":[{"term_id":29,"name":"Pro","slug":"pro","term_group":0,"term_taxonomy_id":29,"taxonomy":"cartflows_flow_type","description":"","parent":0,"count":20,"filter":"raw","term_order":"0"}]},{"ID":24765,"title":"Brightening Gel","type":"pro","featured_image_url":"https://templates.cartflows.com/gutenberg/wp-content/uploads/sites/4/2022/10/brightening-gel-sales-landing-03.jpg","thumbnail_image_url":"https://templates.cartflows.com/gutenberg/wp-content/uploads/sites/4/2022/10/brightening-gel-sales-landing-03-600x2934.jpg","category":["sales-funnel"],"page_builder":"gutenberg","steps":[{"ID":24766,"title":"Brightening Gel Sales Landing","type":"landing","featured_image_url":"https://templates.cartflows.com/gutenberg/wp-content/uploads/sites/4/2022/10/brightening-gel-sales-landing-03.jpg","thumbnail_image_url":"https://templates.cartflows.com/gutenberg/wp-content/uploads/sites/4/2022/10/brightening-gel-sales-landing-03-600x2934.jpg","link":"https://templates.cartflows.com/gutenberg/brightening-gel-sales-landing-03/"},{"ID":24767,"title":"Brightening Gel Checkout","type":"checkout","featured_image_url":"https://templates.cartflows.com/gutenberg/wp-content/uploads/sites/4/2022/10/brightening-gel-checkout-03.jpg","thumbnail_image_url":"https://templates.cartflows.com/gutenberg/wp-content/uploads/sites/4/2022/10/brightening-gel-checkout-03-600x1106.jpg","link":"https://templates.cartflows.com/gutenberg/brightening-gel-checkout-03/"},{"ID":24768,"title":"Brightening Gel Upsell","type":"upsell","featured_image_url":"https://templates.cartflows.com/gutenberg/wp-content/uploads/sites/4/2022/10/brightening-gel-upsell-03.jpg","thumbnail_image_url":"https://templates.cartflows.com/gutenberg/wp-content/uploads/sites/4/2022/10/brightening-gel-upsell-03-600x1325.jpg","link":"https://templates.cartflows.com/gutenberg/brightening-gel-upsell-03/"},{"ID":24769,"title":"Brightening Gel Downsell","type":"downsell","featured_image_url":"https://templates.cartflows.com/gutenberg/wp-content/uploads/sites/4/2022/10/brightening-gel-downsell-03.jpg","thumbnail_image_url":"https://templates.cartflows.com/gutenberg/wp-content/uploads/sites/4/2022/10/brightening-gel-downsell-03-600x423.jpg","link":"https://templates.cartflows.com/gutenberg/brightening-gel-downsell-03/"},{"ID":24770,"title":"Brightening Gel Thank You","type":"thankyou","featured_image_url":"https://templates.cartflows.com/gutenberg/wp-content/uploads/sites/4/2022/10/brightening-gel-thank-you-03.jpg","thumbnail_image_url":"https://templates.cartflows.com/gutenberg/wp-content/uploads/sites/4/2022/10/brightening-gel-thank-you-03-600x779.jpg","link":"https://templates.cartflows.com/gutenberg/brightening-gel-thank-you-03/"}],"cartflows_flow_page_builder":[{"term_id":32,"name":"Gutenberg","slug":"gutenberg","term_group":0,"term_taxonomy_id":32,"taxonomy":"cartflows_flow_page_builder","description":"","parent":0,"count":51,"filter":"raw","term_order":"0"}],"cartflows_flow_category":[{"term_id":30,"name":"Sales Funnel","slug":"sales-funnel","term_group":0,"term_taxonomy_id":30,"taxonomy":"cartflows_flow_category","description":"","parent":0,"count":18,"filter":"raw","term_order":"0"}],"cartflows_flow_type":[{"term_id":29,"name":"Pro","slug":"pro","term_group":0,"term_taxonomy_id":29,"taxonomy":"cartflows_flow_type","description":"","parent":0,"count":20,"filter":"raw","term_order":"0"}]},{"ID":24491,"title":"Mint Tea","type":"pro","featured_image_url":"https://templates.cartflows.com/gutenberg/wp-content/uploads/sites/4/2022/10/mint-tea-sales-landing-03.jpg","thumbnail_image_url":"https://templates.cartflows.com/gutenberg/wp-content/uploads/sites/4/2022/10/mint-tea-sales-landing-03-600x2300.jpg","category":["sales-funnel"],"page_builder":"gutenberg","steps":[{"ID":24492,"title":"Mint Tea Sales Landing","type":"landing","featured_image_url":"https://templates.cartflows.com/gutenberg/wp-content/uploads/sites/4/2022/10/mint-tea-sales-landing-03.jpg","thumbnail_image_url":"https://templates.cartflows.com/gutenberg/wp-content/uploads/sites/4/2022/10/mint-tea-sales-landing-03-600x2300.jpg","link":"https://templates.cartflows.com/gutenberg/mint-tea-sales-landing-03/"},{"ID":24493,"title":"Mint Tea Checkout","type":"checkout","featured_image_url":"https://templates.cartflows.com/gutenberg/wp-content/uploads/sites/4/2022/10/mint-tea-checkout-03.jpg","thumbnail_image_url":"https://templates.cartflows.com/gutenberg/wp-content/uploads/sites/4/2022/10/mint-tea-checkout-03-600x1003.jpg","link":"https://templates.cartflows.com/gutenberg/mint-tea-checkout-03/"},{"ID":24494,"title":"Mint Tea Upsell","type":"upsell","featured_image_url":"https://templates.cartflows.com/gutenberg/wp-content/uploads/sites/4/2022/10/mint-tea-upsell-03.jpg","thumbnail_image_url":"https://templates.cartflows.com/gutenberg/wp-content/uploads/sites/4/2022/10/mint-tea-upsell-03-600x423.jpg","link":"https://templates.cartflows.com/gutenberg/mint-tea-upsell-03/"},{"ID":24495,"title":"Mint Tea Thank You","type":"thankyou","featured_image_url":"https://templates.cartflows.com/gutenberg/wp-content/uploads/sites/4/2022/10/mint-tea-thank-you-03.jpg","thumbnail_image_url":"https://templates.cartflows.com/gutenberg/wp-content/uploads/sites/4/2022/10/mint-tea-thank-you-03-600x1182.jpg","link":"https://templates.cartflows.com/gutenberg/mint-tea-thank-you-03/"}],"cartflows_flow_page_builder":[{"term_id":32,"name":"Gutenberg","slug":"gutenberg","term_group":0,"term_taxonomy_id":32,"taxonomy":"cartflows_flow_page_builder","description":"","parent":0,"count":51,"filter":"raw","term_order":"0"}],"cartflows_flow_category":[{"term_id":30,"name":"Sales Funnel","slug":"sales-funnel","term_group":0,"term_taxonomy_id":30,"taxonomy":"cartflows_flow_category","description":"","parent":0,"count":18,"filter":"raw","term_order":"0"}],"cartflows_flow_type":[{"term_id":29,"name":"Pro","slug":"pro","term_group":0,"term_taxonomy_id":29,"taxonomy":"cartflows_flow_type","description":"","parent":0,"count":20,"filter":"raw","term_order":"0"}]}]
